0,17,,
0,社員交通費精算,,
0,2017-05-26,,
1,*,社員情報欄 17_s_--------------------,
2,2-0-0-1-1-0-0-0-0-0-none-0-0-0-0-none,,
3,1-社員コード-center-1-2-0-0-0-0-0-none-0-0-0-0-none,,
4,3-0-left-1-5-0-0-0-0-0-none-0-0-0-0-none,,
5,10-0-0-0-0-0-0-0-0-17_s_code-none-2-0-20-0-none,,
6,4-0-0-0-0-0-0-0-0-0-none-0-0-0-0-none,,
7,5-0-0-0-0-0-0-0-0-0-none-0-0-0-0-none,,
8,2-0-0-1-1-0-0-0-0-0-none-0-0-0-0-none,,
9,1-所属-center-1-2-0-0-0-0-0-none-0-0-0-0-none,,
10,3-0-left-1-5-0-0-0-0-0-none-0-0-0-0-none,,
11,10-0-0-0-0-0-0-0-0-17_s_org-none-2-0-50-0-部(店),,
12,4-0-0-0-0-0-0-0-0-0-none-0-0-0-0-none,,
13,5-0-0-0-0-0-0-0-0-0-none-0-0-0-0-none,,
14,2-0-0-1-1-0-0-0-0-0-none-0-0-0-0-none,,
15,1-氏名-center-1-2-0-0-0-0-0-none-0-0-0-0-none,,
16,3-0-left-1-5-0-0-0-0-0-none-0-0-0-0-none,,
17,10-0-0-0-0-0-0-0-0-17_s_name-none-2-0-50-0-none,,
18,4-0-0-0-0-0-0-0-0-0-none-0-0-0-0-none,,
19,5-0-0-0-0-0-0-0-0-0-none-0-0-0-0-none,,
20,*,--------------------社員情報欄ここまで,
21,2-0-0-1-1-0-0-0-0-0-none-0-0-0-0-none,,
22,3-0-center-1-7-0-0-0-0-0-color:red-0-0-0-0-none,,
23,10-★定期購入の場合は画像を添付してください<br />★片道・往復料金はIC料金をご記入ください<br />★社員はヘルプもこちらにご記入ください-0-0-0-0-0-0-0-0-none-4-0-0-0-none,,
24,4-0-0-0-0-0-0-0-0-0-none-0-0-0-0-none,,
25,5-0-0-0-0-0-0-0-0-0-none-0-0-0-0-none,,
26,2-0-0-1-1-0-0-0-0-0-none-0-0-0-0-none,,
27,1-対象月-center-1-2-0-0-0-0-0-none-0-0-0-0-none,,
28,3-0-left-1-5-0-0-0-0-0-none-0-0-0-0-none,,
29,30-0-0-0-0-0-0-17_s_mon-0-17_s_mon-none-2-0-5-0-月分,,
30,4-0-0-0-0-0-0-0-0-0-none-0-0-0-0-none,,
31,5-0-0-0-0-0-0-0-0-0-none-0-0-0-0-none,,
32,2-0-0-0-0-0-0-0-0-0-none-0-0-0-0-none,,
33,1-月日-0-1-1-100-0-0-0-0-none-0-0-0-0-none,,
34,1-交通手段-0-1-1-80-0-0-0-0-none-0-0-0-0-none,,
35,1-経路-0-1-3-0-0-0-0-0-none-0-0-0-0-none,,
36,1-目的-0-1-1-190-0-0-0-0-none-0-0-0-0-none,,
37,1-金額-0-1-1-100-0-0-0-0-none-0-0-0-0-none,,
38,5-0-0-0-0-0-0-0-0-0-none-0-0-0-0-none,,
39,2-0-0-0-0-0-0-0-0-0-none-0-0-0-0-none,,
40,3-0-center-1-1-0-0-0-0-0-none-0-0-0-0-none,,
41,30-0-0-0-0-0-0-17_s_t1-0-17_s_t1-none-3-0-9-0-none,,
42,4-0-0-0-0-0-0-0-0-0-none-0-0-0-0-none,,
43,3-0-center-1-1-0-0-0-0-0-none-0-0-0-0-none,,
44,10-0-0-0-0-0-0-0-0-shudan2101-none-2-0-7-0-none,,
45,4-0-0-0-0-0-0-0-0-0-none-0-0-0-0-none,,
46,3-0-center-1-1-205-0-0-0-0-none-0-0-0-0-none,,
47,10-0-0-0-0-0-0-0-0-keiro21101-none-2-0-20-0-none,,
48,4-0-0-0-0-0-0-0-0-0-none-0-0-0-0-none,,
49,3-0-center-1-1-30-0-0-0-0-none-0-0-0-0-none,,
50,10-⇔-0-0-0-0-0-0-0-0-none-4-0-0-0-none,,
51,4-0-0-0-0-0-0-0-0-0-none-0-0-0-0-none,,
52,3-0-center-1-1-205-0-0-0-0-none-0-0-0-0-none,,
53,10-0-0-0-0-0-0-0-0-keiro21201-none-2-0-20-0-none,,
54,4-0-0-0-0-0-0-0-0-0-none-0-0-0-0-none,,
55,3-0-center-1-1-0-0-0-0-0-none-0-0-0-0-none,,
56,10-0-0-0-0-0-0-0-0-mokuteki2101-none-2-0-19-0-none,,
57,4-0-0-0-0-0-0-0-0-0-none-0-0-0-0-none,,
58,3-0-center-1-1-0-0-0-0-0-none-0-0-0-0-none,,
59,10-0-0-0-0-0-0-0-0-kingaku2101-none-2-0-5-0-円,,
60,4-0-0-0-0-0-0-0-0-0-none-0-0-0-0-none,,
61,5-0-0-0-0-0-0-0-0-0-none-0-0-0-0-none,,
62,2-0-0-0-0-0-0-0-0-0-none-0-0-0-0-none,,
63,3-0-center-1-1-0-0-0-0-0-none-0-0-0-0-none,,
64,30-0-0-0-0-0-0-17_s_t2-0-17_s_t2-none-3-0-9-0-none,,
65,4-0-0-0-0-0-0-0-0-0-none-0-0-0-0-none,,
66,3-0-center-1-1-0-0-0-0-0-none-0-0-0-0-none,,
67,10-0-0-0-0-0-0-0-0-shudan2102-none-2-0-7-0-none,,
68,4-0-0-0-0-0-0-0-0-0-none-0-0-0-0-none,,
69,3-0-center-1-1-0-0-0-0-0-none-0-0-0-0-none,,
70,10-0-0-0-0-0-0-0-0-keiro21102-none-2-0-20-0-none,,
71,4-0-0-0-0-0-0-0-0-0-none-0-0-0-0-none,,
72,3-0-center-1-1-0-0-0-0-0-none-0-0-0-0-none,,
73,10-⇔-0-0-0-0-0-0-0-0-none-4-0-0-0-none,,
74,4-0-0-0-0-0-0-0-0-0-none-0-0-0-0-none,,
75,3-0-center-1-1-0-0-0-0-0-none-0-0-0-0-none,,
76,10-0-0-0-0-0-0-0-0-keiro21202-none-2-0-20-0-none,,
77,4-0-0-0-0-0-0-0-0-0-none-0-0-0-0-none,,
78,3-0-center-1-1-0-0-0-0-0-none-0-0-0-0-none,,
79,10-0-0-0-0-0-0-0-0-mokuteki2102-none-2-0-19-0-none,,
80,4-0-0-0-0-0-0-0-0-0-none-0-0-0-0-none,,
81,3-0-center-1-1-0-0-0-0-0-none-0-0-0-0-none,,
82,10-0-0-0-0-0-0-0-0-kingaku2102-none-2-0-5-0-円,,
83,4-0-0-0-0-0-0-0-0-0-none-0-0-0-0-none,,
84,5-0-0-0-0-0-0-0-0-0-none-0-0-0-0-none,,
85,2-0-0-0-0-0-0-0-0-0-none-0-0-0-0-none,,
86,3-0-center-1-1-0-0-0-0-0-none-0-0-0-0-none,,
87,30-0-0-0-0-0-0-17_s_t3-0-17_s_t3-none-3-0-9-0-none,,
88,4-0-0-0-0-0-0-0-0-0-none-0-0-0-0-none,,
89,3-0-center-1-1-0-0-0-0-0-none-0-0-0-0-none,,
90,10-0-0-0-0-0-0-0-0-shudan2103-none-2-0-7-0-none,,
91,4-0-0-0-0-0-0-0-0-0-none-0-0-0-0-none,,
92,3-0-center-1-1-0-0-0-0-0-none-0-0-0-0-none,,
93,10-0-0-0-0-0-0-0-0-keiro21103-none-2-0-20-0-none,,
94,4-0-0-0-0-0-0-0-0-0-none-0-0-0-0-none,,
95,3-0-center-1-1-0-0-0-0-0-none-0-0-0-0-none,,
96,10-⇔-0-0-0-0-0-0-0-0-none-4-0-0-0-none,,
97,4-0-0-0-0-0-0-0-0-0-none-0-0-0-0-none,,
98,3-0-center-1-1-0-0-0-0-0-none-0-0-0-0-none,,
99,10-0-0-0-0-0-0-0-0-keiro21203-none-2-0-20-0-none,,
100,4-0-0-0-0-0-0-0-0-0-none-0-0-0-0-none,,
101,3-0-center-1-1-0-0-0-0-0-none-0-0-0-0-none,,
102,10-0-0-0-0-0-0-0-0-mokuteki2103-none-2-0-19-0-none,,
103,4-0-0-0-0-0-0-0-0-0-none-0-0-0-0-none,,
104,3-0-center-1-1-0-0-0-0-0-none-0-0-0-0-none,,
105,10-0-0-0-0-0-0-0-0-kingaku2103-none-2-0-5-0-円,,
106,4-0-0-0-0-0-0-0-0-0-none-0-0-0-0-none,,
107,5-0-0-0-0-0-0-0-0-0-none-0-0-0-0-none,,
108,2-0-0-0-0-0-0-0-0-0-none-0-0-0-0-none,,
109,3-0-center-1-1-0-0-0-0-0-none-0-0-0-0-none,,
110,30-0-0-0-0-0-0-17_s_t4-0-17_s_t4-none-3-0-9-0-none,,
111,4-0-0-0-0-0-0-0-0-0-none-0-0-0-0-none,,
112,3-0-center-1-1-0-0-0-0-0-none-0-0-0-0-none,,
113,10-0-0-0-0-0-0-0-0-shudan2104-none-2-0-7-0-none,,
114,4-0-0-0-0-0-0-0-0-0-none-0-0-0-0-none,,
115,3-0-center-1-1-0-0-0-0-0-none-0-0-0-0-none,,
116,10-0-0-0-0-0-0-0-0-keiro21104-none-2-0-20-0-none,,
117,4-0-0-0-0-0-0-0-0-0-none-0-0-0-0-none,,
118,3-0-center-1-1-0-0-0-0-0-none-0-0-0-0-none,,
119,10-⇔-0-0-0-0-0-0-0-0-none-4-0-0-0-none,,
120,4-0-0-0-0-0-0-0-0-0-none-0-0-0-0-none,,
121,3-0-center-1-1-0-0-0-0-0-none-0-0-0-0-none,,
122,10-0-0-0-0-0-0-0-0-keiro21204-none-2-0-20-0-none,,
123,4-0-0-0-0-0-0-0-0-0-none-0-0-0-0-none,,
124,3-0-center-1-1-0-0-0-0-0-none-0-0-0-0-none,,
125,10-0-0-0-0-0-0-0-0-mokuteki2104-none-2-0-19-0-none,,
126,4-0-0-0-0-0-0-0-0-0-none-0-0-0-0-none,,
127,3-0-center-1-1-0-0-0-0-0-none-0-0-0-0-none,,
128,10-0-0-0-0-0-0-0-0-kingaku2104-none-2-0-5-0-円,,
129,4-0-0-0-0-0-0-0-0-0-none-0-0-0-0-none,,
130,5-0-0-0-0-0-0-0-0-0-none-0-0-0-0-none,,
131,2-0-0-0-0-0-0-0-0-0-none-0-0-0-0-none,,
132,3-0-center-1-1-0-0-0-0-0-none-0-0-0-0-none,,
133,30-0-0-0-0-0-0-17_s_t5-0-17_s_t5-none-3-0-9-0-none,,
134,4-0-0-0-0-0-0-0-0-0-none-0-0-0-0-none,,
135,3-0-center-1-1-0-0-0-0-0-none-0-0-0-0-none,,
136,10-0-0-0-0-0-0-0-0-shudan2105-none-2-0-7-0-none,,
137,4-0-0-0-0-0-0-0-0-0-none-0-0-0-0-none,,
138,3-0-center-1-1-0-0-0-0-0-none-0-0-0-0-none,,
139,10-0-0-0-0-0-0-0-0-keiro21105-none-2-0-20-0-none,,
140,4-0-0-0-0-0-0-0-0-0-none-0-0-0-0-none,,
141,3-0-center-1-1-0-0-0-0-0-none-0-0-0-0-none,,
142,10-⇔-0-0-0-0-0-0-0-0-none-4-0-0-0-none,,
143,4-0-0-0-0-0-0-0-0-0-none-0-0-0-0-none,,
144,3-0-center-1-1-0-0-0-0-0-none-0-0-0-0-none,,
145,10-0-0-0-0-0-0-0-0-keiro21205-none-2-0-20-0-none,,
146,4-0-0-0-0-0-0-0-0-0-none-0-0-0-0-none,,
147,3-0-center-1-1-0-0-0-0-0-none-0-0-0-0-none,,
148,10-0-0-0-0-0-0-0-0-mokuteki2105-none-2-0-19-0-none,,
149,4-0-0-0-0-0-0-0-0-0-none-0-0-0-0-none,,
150,3-0-center-1-1-0-0-0-0-0-none-0-0-0-0-none,,
151,10-0-0-0-0-0-0-0-0-kingaku2105-none-2-0-5-0-円,,
152,4-0-0-0-0-0-0-0-0-0-none-0-0-0-0-none,,
153,5-0-0-0-0-0-0-0-0-0-none-0-0-0-0-none,,
154,2-0-0-0-0-0-0-0-0-0-none-0-0-0-0-none,,
155,3-0-center-1-1-0-0-0-0-0-none-0-0-0-0-none,,
156,30-0-0-0-0-0-0-17_s_t6-0-17_s_t6-none-3-0-9-0-none,,
157,4-0-0-0-0-0-0-0-0-0-none-0-0-0-0-none,,
158,3-0-center-1-1-0-0-0-0-0-none-0-0-0-0-none,,
159,10-0-0-0-0-0-0-0-0-shudan2106-none-2-0-7-0-none,,
160,4-0-0-0-0-0-0-0-0-0-none-0-0-0-0-none,,
161,3-0-center-1-1-0-0-0-0-0-none-0-0-0-0-none,,
162,10-0-0-0-0-0-0-0-0-keiro21106-none-2-0-20-0-none,,
163,4-0-0-0-0-0-0-0-0-0-none-0-0-0-0-none,,
164,3-0-center-1-1-0-0-0-0-0-none-0-0-0-0-none,,
165,10-⇔-0-0-0-0-0-0-0-0-none-4-0-0-0-none,,
166,4-0-0-0-0-0-0-0-0-0-none-0-0-0-0-none,,
167,3-0-center-1-1-0-0-0-0-0-none-0-0-0-0-none,,
168,10-0-0-0-0-0-0-0-0-keiro21206-none-2-0-20-0-none,,
169,4-0-0-0-0-0-0-0-0-0-none-0-0-0-0-none,,
170,3-0-center-1-1-0-0-0-0-0-none-0-0-0-0-none,,
171,10-0-0-0-0-0-0-0-0-mokuteki2106-none-2-0-19-0-none,,
172,4-0-0-0-0-0-0-0-0-0-none-0-0-0-0-none,,
173,3-0-center-1-1-0-0-0-0-0-none-0-0-0-0-none,,
174,10-0-0-0-0-0-0-0-0-kingaku2106-none-2-0-5-0-円,,
175,4-0-0-0-0-0-0-0-0-0-none-0-0-0-0-none,,
176,5-0-0-0-0-0-0-0-0-0-none-0-0-0-0-none,,
177,2-0-0-0-0-0-0-0-0-0-none-0-0-0-0-none,,
178,3-0-center-1-1-0-0-0-0-0-none-0-0-0-0-none,,
179,30-0-0-0-0-0-0-17_s_t7-0-17_s_t7-none-3-0-9-0-none,,
180,4-0-0-0-0-0-0-0-0-0-none-0-0-0-0-none,,
181,3-0-center-1-1-0-0-0-0-0-none-0-0-0-0-none,,
182,10-0-0-0-0-0-0-0-0-shudan2107-none-2-0-7-0-none,,
183,4-0-0-0-0-0-0-0-0-0-none-0-0-0-0-none,,
184,3-0-center-1-1-0-0-0-0-0-none-0-0-0-0-none,,
185,10-0-0-0-0-0-0-0-0-keiro21107-none-2-0-20-0-none,,
186,4-0-0-0-0-0-0-0-0-0-none-0-0-0-0-none,,
187,3-0-center-1-1-0-0-0-0-0-none-0-0-0-0-none,,
188,10-⇔-0-0-0-0-0-0-0-0-none-4-0-0-0-none,,
189,4-0-0-0-0-0-0-0-0-0-none-0-0-0-0-none,,
190,3-0-center-1-1-0-0-0-0-0-none-0-0-0-0-none,,
191,10-0-0-0-0-0-0-0-0-keiro21207-none-2-0-20-0-none,,
192,4-0-0-0-0-0-0-0-0-0-none-0-0-0-0-none,,
193,3-0-center-1-1-0-0-0-0-0-none-0-0-0-0-none,,
194,10-0-0-0-0-0-0-0-0-mokuteki2107-none-2-0-19-0-none,,
195,4-0-0-0-0-0-0-0-0-0-none-0-0-0-0-none,,
196,3-0-center-1-1-0-0-0-0-0-none-0-0-0-0-none,,
197,10-0-0-0-0-0-0-0-0-kingaku2107-none-2-0-5-0-円,,
198,4-0-0-0-0-0-0-0-0-0-none-0-0-0-0-none,,
199,5-0-0-0-0-0-0-0-0-0-none-0-0-0-0-none,,
200,2-0-0-0-0-0-0-0-0-0-none-0-0-0-0-none,,
201,3-0-center-1-1-0-0-0-0-0-none-0-0-0-0-none,,
202,30-0-0-0-0-0-0-17_s_t8-0-17_s_t8-none-3-0-9-0-none,,
203,4-0-0-0-0-0-0-0-0-0-none-0-0-0-0-none,,
204,3-0-center-1-1-0-0-0-0-0-none-0-0-0-0-none,,
205,10-0-0-0-0-0-0-0-0-shudan2108-none-2-0-7-0-none,,
206,4-0-0-0-0-0-0-0-0-0-none-0-0-0-0-none,,
207,3-0-center-1-1-0-0-0-0-0-none-0-0-0-0-none,,
208,10-0-0-0-0-0-0-0-0-keiro21108-none-2-0-20-0-none,,
209,4-0-0-0-0-0-0-0-0-0-none-0-0-0-0-none,,
210,3-0-center-1-1-0-0-0-0-0-none-0-0-0-0-none,,
211,10-⇔-0-0-0-0-0-0-0-0-none-4-0-0-0-none,,
212,4-0-0-0-0-0-0-0-0-0-none-0-0-0-0-none,,
213,3-0-center-1-1-0-0-0-0-0-none-0-0-0-0-none,,
214,10-0-0-0-0-0-0-0-0-keiro21208-none-2-0-20-0-none,,
215,4-0-0-0-0-0-0-0-0-0-none-0-0-0-0-none,,
216,3-0-center-1-1-0-0-0-0-0-none-0-0-0-0-none,,
217,10-0-0-0-0-0-0-0-0-mokuteki2108-none-2-0-19-0-none,,
218,4-0-0-0-0-0-0-0-0-0-none-0-0-0-0-none,,
219,3-0-center-1-1-0-0-0-0-0-none-0-0-0-0-none,,
220,10-0-0-0-0-0-0-0-0-kingaku2108-none-2-0-5-0-円,,
221,4-0-0-0-0-0-0-0-0-0-none-0-0-0-0-none,,
222,5-0-0-0-0-0-0-0-0-0-none-0-0-0-0-none,,
223,2-0-0-0-0-0-0-0-0-0-none-0-0-0-0-none,,
224,3-0-center-1-1-0-0-0-0-0-none-0-0-0-0-none,,
225,30-0-0-0-0-0-0-17_s_t9-0-17_s_t9-none-3-0-9-0-none,,
226,4-0-0-0-0-0-0-0-0-0-none-0-0-0-0-none,,
227,3-0-center-1-1-0-0-0-0-0-none-0-0-0-0-none,,
228,10-0-0-0-0-0-0-0-0-shudan2109-none-2-0-7-0-none,,
229,4-0-0-0-0-0-0-0-0-0-none-0-0-0-0-none,,
230,3-0-center-1-1-0-0-0-0-0-none-0-0-0-0-none,,
231,10-0-0-0-0-0-0-0-0-keiro21109-none-2-0-20-0-none,,
232,4-0-0-0-0-0-0-0-0-0-none-0-0-0-0-none,,
233,3-0-center-1-1-0-0-0-0-0-none-0-0-0-0-none,,
234,10-⇔-0-0-0-0-0-0-0-0-none-4-0-0-0-none,,
235,4-0-0-0-0-0-0-0-0-0-none-0-0-0-0-none,,
236,3-0-center-1-1-0-0-0-0-0-none-0-0-0-0-none,,
237,10-0-0-0-0-0-0-0-0-keiro21209-none-2-0-20-0-none,,
238,4-0-0-0-0-0-0-0-0-0-none-0-0-0-0-none,,
239,3-0-center-1-1-0-0-0-0-0-none-0-0-0-0-none,,
240,10-0-0-0-0-0-0-0-0-mokuteki2109-none-2-0-19-0-none,,
241,4-0-0-0-0-0-0-0-0-0-none-0-0-0-0-none,,
242,3-0-center-1-1-0-0-0-0-0-none-0-0-0-0-none,,
243,10-0-0-0-0-0-0-0-0-kingaku2109-none-2-0-5-0-円,,
244,4-0-0-0-0-0-0-0-0-0-none-0-0-0-0-none,,
245,5-0-0-0-0-0-0-0-0-0-none-0-0-0-0-none,,
246,2-0-0-0-0-0-0-0-0-0-none-0-0-0-0-none,,
247,3-0-center-1-1-0-0-0-0-0-none-0-0-0-0-none,,
248,30-0-0-0-0-0-0-17_s_t10-0-17_s_t10-none-3-0-9-0-none,,
249,4-0-0-0-0-0-0-0-0-0-none-0-0-0-0-none,,
250,3-0-center-1-1-0-0-0-0-0-none-0-0-0-0-none,,
251,10-0-0-0-0-0-0-0-0-shudan2110-none-2-0-7-0-none,,
252,4-0-0-0-0-0-0-0-0-0-none-0-0-0-0-none,,
253,3-0-center-1-1-0-0-0-0-0-none-0-0-0-0-none,,
254,10-0-0-0-0-0-0-0-0-keiro21110-none-2-0-20-0-none,,
255,4-0-0-0-0-0-0-0-0-0-none-0-0-0-0-none,,
256,3-0-center-1-1-0-0-0-0-0-none-0-0-0-0-none,,
257,10-⇔-0-0-0-0-0-0-0-0-none-4-0-0-0-none,,
258,4-0-0-0-0-0-0-0-0-0-none-0-0-0-0-none,,
259,3-0-center-1-1-0-0-0-0-0-none-0-0-0-0-none,,
260,10-0-0-0-0-0-0-0-0-keiro21210-none-2-0-20-0-none,,
261,4-0-0-0-0-0-0-0-0-0-none-0-0-0-0-none,,
262,3-0-center-1-1-0-0-0-0-0-none-0-0-0-0-none,,
263,10-0-0-0-0-0-0-0-0-mokuteki2110-none-2-0-19-0-none,,
264,4-0-0-0-0-0-0-0-0-0-none-0-0-0-0-none,,
265,3-0-center-1-1-0-0-0-0-0-none-0-0-0-0-none,,
266,10-0-0-0-0-0-0-0-0-kingaku2110-none-2-0-5-0-円,,
267,4-0-0-0-0-0-0-0-0-0-none-0-0-0-0-none,,
268,5-0-0-0-0-0-0-0-0-0-none-0-0-0-0-none,,
269,2-0-0-0-0-0-0-0-0-0-none-0-0-0-0-none,,
270,3-0-center-1-1-0-0-0-0-0-none-0-0-0-0-none,,
271,30-0-0-0-0-0-0-17_s_t11-0-17_s_t11-none-3-0-9-0-none,,
272,4-0-0-0-0-0-0-0-0-0-none-0-0-0-0-none,,
273,3-0-center-1-1-0-0-0-0-0-none-0-0-0-0-none,,
274,10-0-0-0-0-0-0-0-0-shudan2111-none-2-0-7-0-none,,
275,4-0-0-0-0-0-0-0-0-0-none-0-0-0-0-none,,
276,3-0-center-1-1-0-0-0-0-0-none-0-0-0-0-none,,
277,10-0-0-0-0-0-0-0-0-keiro21111-none-2-0-20-0-none,,
278,4-0-0-0-0-0-0-0-0-0-none-0-0-0-0-none,,
279,3-0-center-1-1-0-0-0-0-0-none-0-0-0-0-none,,
280,10-⇔-0-0-0-0-0-0-0-0-none-4-0-0-0-none,,
281,4-0-0-0-0-0-0-0-0-0-none-0-0-0-0-none,,
282,3-0-center-1-1-0-0-0-0-0-none-0-0-0-0-none,,
283,10-0-0-0-0-0-0-0-0-keiro21211-none-2-0-20-0-none,,
284,4-0-0-0-0-0-0-0-0-0-none-0-0-0-0-none,,
285,3-0-center-1-1-0-0-0-0-0-none-0-0-0-0-none,,
286,10-0-0-0-0-0-0-0-0-mokuteki2111-none-2-0-19-0-none,,
287,4-0-0-0-0-0-0-0-0-0-none-0-0-0-0-none,,
288,3-0-center-1-1-0-0-0-0-0-none-0-0-0-0-none,,
289,10-0-0-0-0-0-0-0-0-kingaku2111-none-2-0-5-0-円,,
290,4-0-0-0-0-0-0-0-0-0-none-0-0-0-0-none,,
291,5-0-0-0-0-0-0-0-0-0-none-0-0-0-0-none,,
292,2-0-0-0-0-0-0-0-0-0-none-0-0-0-0-none,,
293,3-0-center-1-1-0-0-0-0-0-none-0-0-0-0-none,,
294,30-0-0-0-0-0-0-17_s_t12-0-17_s_t12-none-3-0-9-0-none,,
295,4-0-0-0-0-0-0-0-0-0-none-0-0-0-0-none,,
296,3-0-center-1-1-0-0-0-0-0-none-0-0-0-0-none,,
297,10-0-0-0-0-0-0-0-0-shudan2112-none-2-0-7-0-none,,
298,4-0-0-0-0-0-0-0-0-0-none-0-0-0-0-none,,
299,3-0-center-1-1-0-0-0-0-0-none-0-0-0-0-none,,
300,10-0-0-0-0-0-0-0-0-keiro21112-none-2-0-20-0-none,,
301,4-0-0-0-0-0-0-0-0-0-none-0-0-0-0-none,,
302,3-0-center-1-1-0-0-0-0-0-none-0-0-0-0-none,,
303,10-⇔-0-0-0-0-0-0-0-0-none-4-0-0-0-none,,
304,4-0-0-0-0-0-0-0-0-0-none-0-0-0-0-none,,
305,3-0-center-1-1-0-0-0-0-0-none-0-0-0-0-none,,
306,10-0-0-0-0-0-0-0-0-keiro21212-none-2-0-20-0-none,,
307,4-0-0-0-0-0-0-0-0-0-none-0-0-0-0-none,,
308,3-0-center-1-1-0-0-0-0-0-none-0-0-0-0-none,,
309,10-0-0-0-0-0-0-0-0-mokuteki2112-none-2-0-19-0-none,,
310,4-0-0-0-0-0-0-0-0-0-none-0-0-0-0-none,,
311,3-0-center-1-1-0-0-0-0-0-none-0-0-0-0-none,,
312,10-0-0-0-0-0-0-0-0-kingaku2112-none-2-0-5-0-円,,
313,4-0-0-0-0-0-0-0-0-0-none-0-0-0-0-none,,
314,5-0-0-0-0-0-0-0-0-0-none-0-0-0-0-none,,
315,2-0-0-0-0-0-0-0-0-0-none-0-0-0-0-none,,
316,3-0-center-1-1-0-0-0-0-0-none-0-0-0-0-none,,
317,30-0-0-0-0-0-0-17_s_t13-0-17_s_t13-none-3-0-9-0-none,,
318,4-0-0-0-0-0-0-0-0-0-none-0-0-0-0-none,,
319,3-0-center-1-1-0-0-0-0-0-none-0-0-0-0-none,,
320,10-0-0-0-0-0-0-0-0-shudan2113-none-2-0-7-0-none,,
321,4-0-0-0-0-0-0-0-0-0-none-0-0-0-0-none,,
322,3-0-center-1-1-0-0-0-0-0-none-0-0-0-0-none,,
323,10-0-0-0-0-0-0-0-0-keiro21113-none-2-0-20-0-none,,
324,4-0-0-0-0-0-0-0-0-0-none-0-0-0-0-none,,
325,3-0-center-1-1-0-0-0-0-0-none-0-0-0-0-none,,
326,10-⇔-0-0-0-0-0-0-0-0-none-4-0-0-0-none,,
327,4-0-0-0-0-0-0-0-0-0-none-0-0-0-0-none,,
328,3-0-center-1-1-0-0-0-0-0-none-0-0-0-0-none,,
329,10-0-0-0-0-0-0-0-0-keiro21213-none-2-0-20-0-none,,
330,4-0-0-0-0-0-0-0-0-0-none-0-0-0-0-none,,
331,3-0-center-1-1-0-0-0-0-0-none-0-0-0-0-none,,
332,10-0-0-0-0-0-0-0-0-mokuteki2113-none-2-0-19-0-none,,
333,4-0-0-0-0-0-0-0-0-0-none-0-0-0-0-none,,
334,3-0-center-1-1-0-0-0-0-0-none-0-0-0-0-none,,
335,10-0-0-0-0-0-0-0-0-kingaku2113-none-2-0-5-0-円,,
336,4-0-0-0-0-0-0-0-0-0-none-0-0-0-0-none,,
337,5-0-0-0-0-0-0-0-0-0-none-0-0-0-0-none,,
338,2-0-0-0-0-0-0-0-0-0-none-0-0-0-0-none,,
339,3-0-center-1-1-0-0-0-0-0-none-0-0-0-0-none,,
340,30-0-0-0-0-0-0-17_s_t14-0-17_s_t14-none-3-0-9-0-none,,
341,4-0-0-0-0-0-0-0-0-0-none-0-0-0-0-none,,
342,3-0-center-1-1-0-0-0-0-0-none-0-0-0-0-none,,
343,10-0-0-0-0-0-0-0-0-shudan2114-none-2-0-7-0-none,,
344,4-0-0-0-0-0-0-0-0-0-none-0-0-0-0-none,,
345,3-0-center-1-1-0-0-0-0-0-none-0-0-0-0-none,,
346,10-0-0-0-0-0-0-0-0-keiro21114-none-2-0-20-0-none,,
347,4-0-0-0-0-0-0-0-0-0-none-0-0-0-0-none,,
348,3-0-center-1-1-0-0-0-0-0-none-0-0-0-0-none,,
349,10-⇔-0-0-0-0-0-0-0-0-none-4-0-0-0-none,,
350,4-0-0-0-0-0-0-0-0-0-none-0-0-0-0-none,,
351,3-0-center-1-1-0-0-0-0-0-none-0-0-0-0-none,,
352,10-0-0-0-0-0-0-0-0-keiro21214-none-2-0-20-0-none,,
353,4-0-0-0-0-0-0-0-0-0-none-0-0-0-0-none,,
354,3-0-center-1-1-0-0-0-0-0-none-0-0-0-0-none,,
355,10-0-0-0-0-0-0-0-0-mokuteki2114-none-2-0-19-0-none,,
356,4-0-0-0-0-0-0-0-0-0-none-0-0-0-0-none,,
357,3-0-center-1-1-0-0-0-0-0-none-0-0-0-0-none,,
358,10-0-0-0-0-0-0-0-0-kingaku2114-none-2-0-5-0-円,,
359,4-0-0-0-0-0-0-0-0-0-none-0-0-0-0-none,,
360,5-0-0-0-0-0-0-0-0-0-none-0-0-0-0-none,,
361,2-0-0-0-0-0-0-0-0-0-none-0-0-0-0-none,,
362,3-0-center-1-1-0-0-0-0-0-none-0-0-0-0-none,,
363,30-0-0-0-0-0-0-17_s_t15-0-17_s_t15-none-3-0-9-0-none,,
364,4-0-0-0-0-0-0-0-0-0-none-0-0-0-0-none,,
365,3-0-center-1-1-0-0-0-0-0-none-0-0-0-0-none,,
366,10-0-0-0-0-0-0-0-0-shudan2115-none-2-0-7-0-none,,
367,4-0-0-0-0-0-0-0-0-0-none-0-0-0-0-none,,
368,3-0-center-1-1-0-0-0-0-0-none-0-0-0-0-none,,
369,10-0-0-0-0-0-0-0-0-keiro21115-none-2-0-20-0-none,,
370,4-0-0-0-0-0-0-0-0-0-none-0-0-0-0-none,,
371,3-0-center-1-1-0-0-0-0-0-none-0-0-0-0-none,,
372,10-⇔-0-0-0-0-0-0-0-0-none-4-0-0-0-none,,
373,4-0-0-0-0-0-0-0-0-0-none-0-0-0-0-none,,
374,3-0-center-1-1-0-0-0-0-0-none-0-0-0-0-none,,
375,10-0-0-0-0-0-0-0-0-keiro21215-none-2-0-20-0-none,,
376,4-0-0-0-0-0-0-0-0-0-none-0-0-0-0-none,,
377,3-0-center-1-1-0-0-0-0-0-none-0-0-0-0-none,,
378,10-0-0-0-0-0-0-0-0-mokuteki2115-none-2-0-19-0-none,,
379,4-0-0-0-0-0-0-0-0-0-none-0-0-0-0-none,,
380,3-0-center-1-1-0-0-0-0-0-none-0-0-0-0-none,,
381,10-0-0-0-0-0-0-0-0-kingaku2115-none-2-0-5-0-円,,
382,4-0-0-0-0-0-0-0-0-0-none-0-0-0-0-none,,
383,5-0-0-0-0-0-0-0-0-0-none-0-0-0-0-none,,
384,2-0-0-0-0-0-0-0-0-0-none-0-0-0-0-none,,
385,3-0-center-1-1-0-0-0-0-0-none-0-0-0-0-none,,
386,30-0-0-0-0-0-0-17_s_t16-0-17_s_t16-none-3-0-9-0-none,,
387,4-0-0-0-0-0-0-0-0-0-none-0-0-0-0-none,,
388,3-0-center-1-1-0-0-0-0-0-none-0-0-0-0-none,,
389,10-0-0-0-0-0-0-0-0-shudan2116-none-2-0-7-0-none,,
390,4-0-0-0-0-0-0-0-0-0-none-0-0-0-0-none,,
391,3-0-center-1-1-0-0-0-0-0-none-0-0-0-0-none,,
392,10-0-0-0-0-0-0-0-0-keiro21116-none-2-0-20-0-none,,
393,4-0-0-0-0-0-0-0-0-0-none-0-0-0-0-none,,
394,3-0-center-1-1-0-0-0-0-0-none-0-0-0-0-none,,
395,10-⇔-0-0-0-0-0-0-0-0-none-4-0-0-0-none,,
396,4-0-0-0-0-0-0-0-0-0-none-0-0-0-0-none,,
397,3-0-center-1-1-0-0-0-0-0-none-0-0-0-0-none,,
398,10-0-0-0-0-0-0-0-0-keiro21216-none-2-0-20-0-none,,
399,4-0-0-0-0-0-0-0-0-0-none-0-0-0-0-none,,
400,3-0-center-1-1-0-0-0-0-0-none-0-0-0-0-none,,
401,10-0-0-0-0-0-0-0-0-mokuteki2116-none-2-0-19-0-none,,
402,4-0-0-0-0-0-0-0-0-0-none-0-0-0-0-none,,
403,3-0-center-1-1-0-0-0-0-0-none-0-0-0-0-none,,
404,10-0-0-0-0-0-0-0-0-kingaku2116-none-2-0-5-0-円,,
405,4-0-0-0-0-0-0-0-0-0-none-0-0-0-0-none,,
406,5-0-0-0-0-0-0-0-0-0-none-0-0-0-0-none,,
407,2-0-0-0-0-0-0-0-0-0-none-0-0-0-0-none,,
408,3-0-center-1-1-0-0-0-0-0-none-0-0-0-0-none,,
409,30-0-0-0-0-0-0-17_s_t17-0-17_s_t17-none-3-0-9-0-none,,
410,4-0-0-0-0-0-0-0-0-0-none-0-0-0-0-none,,
411,3-0-center-1-1-0-0-0-0-0-none-0-0-0-0-none,,
412,10-0-0-0-0-0-0-0-0-shudan2117-none-2-0-7-0-none,,
413,4-0-0-0-0-0-0-0-0-0-none-0-0-0-0-none,,
414,3-0-center-1-1-0-0-0-0-0-none-0-0-0-0-none,,
415,10-0-0-0-0-0-0-0-0-keiro21117-none-2-0-20-0-none,,
416,4-0-0-0-0-0-0-0-0-0-none-0-0-0-0-none,,
417,3-0-center-1-1-0-0-0-0-0-none-0-0-0-0-none,,
418,10-⇔-0-0-0-0-0-0-0-0-none-4-0-0-0-none,,
419,4-0-0-0-0-0-0-0-0-0-none-0-0-0-0-none,,
420,3-0-center-1-1-0-0-0-0-0-none-0-0-0-0-none,,
421,10-0-0-0-0-0-0-0-0-keiro21217-none-2-0-20-0-none,,
422,4-0-0-0-0-0-0-0-0-0-none-0-0-0-0-none,,
423,3-0-center-1-1-0-0-0-0-0-none-0-0-0-0-none,,
424,10-0-0-0-0-0-0-0-0-mokuteki2117-none-2-0-19-0-none,,
425,4-0-0-0-0-0-0-0-0-0-none-0-0-0-0-none,,
426,3-0-center-1-1-0-0-0-0-0-none-0-0-0-0-none,,
427,10-0-0-0-0-0-0-0-0-kingaku2117-none-2-0-5-0-円,,
428,4-0-0-0-0-0-0-0-0-0-none-0-0-0-0-none,,
429,5-0-0-0-0-0-0-0-0-0-none-0-0-0-0-none,,
430,2-0-0-0-0-0-0-0-0-0-none-0-0-0-0-none,,
431,3-0-center-1-1-0-0-0-0-0-none-0-0-0-0-none,,
432,30-0-0-0-0-0-0-17_s_t18-0-17_s_t18-none-3-0-9-0-none,,
433,4-0-0-0-0-0-0-0-0-0-none-0-0-0-0-none,,
434,3-0-center-1-1-0-0-0-0-0-none-0-0-0-0-none,,
435,10-0-0-0-0-0-0-0-0-shudan2118-none-2-0-7-0-none,,
436,4-0-0-0-0-0-0-0-0-0-none-0-0-0-0-none,,
437,3-0-center-1-1-0-0-0-0-0-none-0-0-0-0-none,,
438,10-0-0-0-0-0-0-0-0-keiro21118-none-2-0-20-0-none,,
439,4-0-0-0-0-0-0-0-0-0-none-0-0-0-0-none,,
440,3-0-center-1-1-0-0-0-0-0-none-0-0-0-0-none,,
441,10-⇔-0-0-0-0-0-0-0-0-none-4-0-0-0-none,,
442,4-0-0-0-0-0-0-0-0-0-none-0-0-0-0-none,,
443,3-0-center-1-1-0-0-0-0-0-none-0-0-0-0-none,,
444,10-0-0-0-0-0-0-0-0-keiro21218-none-2-0-20-0-none,,
445,4-0-0-0-0-0-0-0-0-0-none-0-0-0-0-none,,
446,3-0-center-1-1-0-0-0-0-0-none-0-0-0-0-none,,
447,10-0-0-0-0-0-0-0-0-mokuteki2118-none-2-0-19-0-none,,
448,4-0-0-0-0-0-0-0-0-0-none-0-0-0-0-none,,
449,3-0-center-1-1-0-0-0-0-0-none-0-0-0-0-none,,
450,10-0-0-0-0-0-0-0-0-kingaku2118-none-2-0-5-0-円,,
451,4-0-0-0-0-0-0-0-0-0-none-0-0-0-0-none,,
452,5-0-0-0-0-0-0-0-0-0-none-0-0-0-0-none,,
453,2-0-0-0-0-0-0-0-0-0-none-0-0-0-0-none,,
454,3-0-center-1-1-0-0-0-0-0-none-0-0-0-0-none,,
455,30-0-0-0-0-0-0-17_s_t19-0-17_s_t19-none-3-0-9-0-none,,
456,4-0-0-0-0-0-0-0-0-0-none-0-0-0-0-none,,
457,3-0-center-1-1-0-0-0-0-0-none-0-0-0-0-none,,
458,10-0-0-0-0-0-0-0-0-shudan2119-none-2-0-7-0-none,,
459,4-0-0-0-0-0-0-0-0-0-none-0-0-0-0-none,,
460,3-0-center-1-1-0-0-0-0-0-none-0-0-0-0-none,,
461,10-0-0-0-0-0-0-0-0-keiro21119-none-2-0-20-0-none,,
462,4-0-0-0-0-0-0-0-0-0-none-0-0-0-0-none,,
463,3-0-center-1-1-0-0-0-0-0-none-0-0-0-0-none,,
464,10-⇔-0-0-0-0-0-0-0-0-none-4-0-0-0-none,,
465,4-0-0-0-0-0-0-0-0-0-none-0-0-0-0-none,,
466,3-0-center-1-1-0-0-0-0-0-none-0-0-0-0-none,,
467,10-0-0-0-0-0-0-0-0-keiro21219-none-2-0-20-0-none,,
468,4-0-0-0-0-0-0-0-0-0-none-0-0-0-0-none,,
469,3-0-center-1-1-0-0-0-0-0-none-0-0-0-0-none,,
470,10-0-0-0-0-0-0-0-0-mokuteki2119-none-2-0-19-0-none,,
471,4-0-0-0-0-0-0-0-0-0-none-0-0-0-0-none,,
472,3-0-center-1-1-0-0-0-0-0-none-0-0-0-0-none,,
473,10-0-0-0-0-0-0-0-0-kingaku2119-none-2-0-5-0-円,,
474,4-0-0-0-0-0-0-0-0-0-none-0-0-0-0-none,,
475,5-0-0-0-0-0-0-0-0-0-none-0-0-0-0-none,,
476,2-0-0-0-0-0-0-0-0-0-none-0-0-0-0-none,,
477,3-0-center-1-1-0-0-0-0-0-none-0-0-0-0-none,,
478,30-0-0-0-0-0-0-17_s_t20-0-17_s_t20-none-3-0-9-0-none,,
479,4-0-0-0-0-0-0-0-0-0-none-0-0-0-0-none,,
480,3-0-center-1-1-0-0-0-0-0-none-0-0-0-0-none,,
481,10-0-0-0-0-0-0-0-0-shudan2120-none-2-0-7-0-none,,
482,4-0-0-0-0-0-0-0-0-0-none-0-0-0-0-none,,
483,3-0-center-1-1-0-0-0-0-0-none-0-0-0-0-none,,
484,10-0-0-0-0-0-0-0-0-keiro21120-none-2-0-20-0-none,,
485,4-0-0-0-0-0-0-0-0-0-none-0-0-0-0-none,,
486,3-0-center-1-1-0-0-0-0-0-none-0-0-0-0-none,,
487,10-⇔-0-0-0-0-0-0-0-0-none-4-0-0-0-none,,
488,4-0-0-0-0-0-0-0-0-0-none-0-0-0-0-none,,
489,3-0-center-1-1-0-0-0-0-0-none-0-0-0-0-none,,
490,10-0-0-0-0-0-0-0-0-keiro21220-none-2-0-20-0-none,,
491,4-0-0-0-0-0-0-0-0-0-none-0-0-0-0-none,,
492,3-0-center-1-1-0-0-0-0-0-none-0-0-0-0-none,,
493,10-0-0-0-0-0-0-0-0-mokuteki2120-none-2-0-19-0-none,,
494,4-0-0-0-0-0-0-0-0-0-none-0-0-0-0-none,,
495,3-0-center-1-1-0-0-0-0-0-none-0-0-0-0-none,,
496,10-0-0-0-0-0-0-0-0-kingaku2120-none-2-0-5-0-円,,
497,4-0-0-0-0-0-0-0-0-0-none-0-0-0-0-none,,
498,5-0-0-0-0-0-0-0-0-0-none-0-0-0-0-none,,
499,2-0-0-0-0-0-0-0-0-0-none-0-0-0-0-none,,
500,3-0-center-1-1-0-0-0-0-0-none-0-0-0-0-none,,
501,30-0-0-0-0-0-0-17_s_t21-0-17_s_t21-none-3-0-9-0-none,,
502,4-0-0-0-0-0-0-0-0-0-none-0-0-0-0-none,,
503,3-0-center-1-1-0-0-0-0-0-none-0-0-0-0-none,,
504,10-0-0-0-0-0-0-0-0-shudan2121-none-2-0-7-0-none,,
505,4-0-0-0-0-0-0-0-0-0-none-0-0-0-0-none,,
506,3-0-center-1-1-0-0-0-0-0-none-0-0-0-0-none,,
507,10-0-0-0-0-0-0-0-0-keiro21121-none-2-0-20-0-none,,
508,4-0-0-0-0-0-0-0-0-0-none-0-0-0-0-none,,
509,3-0-center-1-1-0-0-0-0-0-none-0-0-0-0-none,,
510,10-⇔-0-0-0-0-0-0-0-0-none-4-0-0-0-none,,
511,4-0-0-0-0-0-0-0-0-0-none-0-0-0-0-none,,
512,3-0-center-1-1-0-0-0-0-0-none-0-0-0-0-none,,
513,10-0-0-0-0-0-0-0-0-keiro21221-none-2-0-20-0-none,,
514,4-0-0-0-0-0-0-0-0-0-none-0-0-0-0-none,,
515,3-0-center-1-1-0-0-0-0-0-none-0-0-0-0-none,,
516,10-0-0-0-0-0-0-0-0-mokuteki2121-none-2-0-19-0-none,,
517,4-0-0-0-0-0-0-0-0-0-none-0-0-0-0-none,,
518,3-0-center-1-1-0-0-0-0-0-none-0-0-0-0-none,,
519,10-0-0-0-0-0-0-0-0-kingaku2121-none-2-0-5-0-円,,
520,4-0-0-0-0-0-0-0-0-0-none-0-0-0-0-none,,
521,5-0-0-0-0-0-0-0-0-0-none-0-0-0-0-none,,
522,2-0-0-0-0-0-0-0-0-0-none-0-0-0-0-none,,
523,3-0-right-1-6-0-0-0-0-0-none-0-0-0-0-none,,
524,10-合計-0-0-0-0-0-0-0-0-none-4-0-0-0-none,,
525,4-0-0-0-0-0-0-0-0-0-none-0-0-0-0-none,,
526,3-0-center-1-1-0-0-0-0-0-none-0-0-0-0-none,,
527,10-0-0-0-0-0-0-0-0-goukei2101-none-2-0-5-0-円,,
528,4-0-0-0-0-0-0-0-0-0-none-0-0-0-0-none,,
529,5-0-0-0-0-0-0-0-0-0-none-0-0-0-0-none,,
