0,18,,
0,アルバイトヘルプ交通費・ヘルプ手当,,
0,2017-05-26,,
1,2-0-0-1-1-0-0-0-0-0-none-0-0-0-0-none,,
2,3-0-center-1-8-0-0-0-0-0-color:red-0-0-0-0-none,,
3,10-★交通費はIC料金をご記入ください<br />★ヘルプ受入側がご記入ください-0-0-0-0-0-0-0-0-none-4-0-0-0-none,,
4,4-0-0-0-0-0-0-0-0-0-none-0-0-0-0-none,,
5,5-0-0-0-0-0-0-0-0-0-none-0-0-0-0-none,,
6,*,ヘルプ交通費 18_h_--------------------,
7,2-0-0-0-0-0-0-0-0-0-none-0-0-0-0-none,,
8,1-月日-0-1-1-80-0-0-0-0-none-0-0-0-0-none,,
9,1-社員コード-0-1-1-70-0-0-0-0-none-0-0-0-0-none,,
10,1-所属店舗-0-1-1-150-0-0-0-0-none-0-0-0-0-none,,
11,1-氏名-0-1-1-120-0-0-0-0-none-0-0-0-0-none,,
12,1-経路-0-1-3-0-0-0-0-0-none-0-0-0-0-none,,
13,1-金額(日額)-0-1-1-90-0-0-0-0-none-0-0-0-0-none,,
14,5-0-0-0-0-0-0-0-0-0-none-0-0-0-0-none,,
15,*,1--------------------,
16,2-0-0-0-0-0-0-0-0-0-none-0-0-0-0-none,,
17,3-0-center-1-1-0-0-0-0-0-none-0-0-0-0-none,,
18,30-0-0-0-0-0-0-18_h_day_1-0-18_h_day_1-none-3-0-6-0-none,,
19,4-0-0-0-0-0-0-0-0-0-none-0-0-0-0-none,,
20,3-0-center-1-1-0-0-0-0-0-none-0-0-0-0-none,,
21,10-0-0-0-0-0-0-0-0-18_h_code_1-none-2-0-5-0-none,,
22,4-0-0-0-0-0-0-0-0-0-none-0-0-0-0-none,,
23,3-0-center-1-1-0-0-0-0-0-none-0-0-0-0-none,,
24,10-0-0-0-0-0-0-0-0-18_h_shozoku_1-none-2-0-14-0-none,,
25,4-0-0-0-0-0-0-0-0-0-none-0-0-0-0-none,,
26,3-0-center-1-1-0-0-0-0-0-none-0-0-0-0-none,,
27,10-0-0-0-0-0-0-0-0-18_h_simei_1-none-2-0-10-0-none,,
28,4-0-0-0-0-0-0-0-0-0-none-0-0-0-0-none,,
29,3-0-center-1-1-190-0-0-0-0-none-0-0-0-0-none,,
30,10-0-0-0-0-0-0-0-0-18_h_skeiro_1-none-2-0-20-0-none,,
31,4-0-0-0-0-0-0-0-0-0-none-0-0-0-0-none,,
32,3-0-center-1-1-30-0-0-0-0-none-0-0-0-0-none,,
33,10-⇔-0-0-0-0-0-0-0-0-none-4-0-0-0-none,,
34,4-0-0-0-0-0-0-0-0-0-none-0-0-0-0-none,,
35,3-0-center-1-1-190-0-0-0-0-none-0-0-0-0-none,,
36,10-0-0-0-0-0-0-0-0-18_h_ekeiro_1-none-2-0-20-0-none,,
37,4-0-0-0-0-0-0-0-0-0-none-0-0-0-0-none,,
38,3-0-center-1-1-0-0-0-0-0-none-0-0-0-0-none,,
39,10-0-0-0-0-0-0-0-0-18_h_price_1-none-2-0-5-0-円,,
40,4-0-0-0-0-0-0-0-0-0-none-0-0-0-0-none,,
41,5-0-0-0-0-0-0-0-0-0-none-0-0-0-0-none,,
42,*,--------------------,
43,2-0-0-0-0-0-0-0-0-0-none-0-0-0-0-none,,
44,3-0-center-1-1-0-0-0-0-0-none-0-0-0-0-none,,
45,30-0-0-0-0-0-0-18_h_day_2-0-18_h_day_2-none-3-0-6-0-none,,
46,4-0-0-0-0-0-0-0-0-0-none-0-0-0-0-none,,
47,3-0-center-1-1-0-0-0-0-0-none-0-0-0-0-none,,
48,10-0-0-0-0-0-0-0-0-18_h_code_2-none-2-0-5-0-none,,
49,4-0-0-0-0-0-0-0-0-0-none-0-0-0-0-none,,
50,3-0-center-1-1-0-0-0-0-0-none-0-0-0-0-none,,
51,10-0-0-0-0-0-0-0-0-18_h_shozoku_2-none-2-0-14-0-none,,
52,4-0-0-0-0-0-0-0-0-0-none-0-0-0-0-none,,
53,3-0-center-1-1-0-0-0-0-0-none-0-0-0-0-none,,
54,10-0-0-0-0-0-0-0-0-18_h_simei_2-none-2-0-10-0-none,,
55,4-0-0-0-0-0-0-0-0-0-none-0-0-0-0-none,,
56,3-0-center-1-1-0-0-0-0-0-none-0-0-0-0-none,,
57,10-0-0-0-0-0-0-0-0-18_h_skeiro_2-none-2-0-20-0-none,,
58,4-0-0-0-0-0-0-0-0-0-none-0-0-0-0-none,,
59,3-0-center-1-1-0-0-0-0-0-none-0-0-0-0-none,,
60,10-⇔-0-0-0-0-0-0-0-0-none-4-0-0-0-none,,
61,4-0-0-0-0-0-0-0-0-0-none-0-0-0-0-none,,
62,3-0-center-1-1-0-0-0-0-0-none-0-0-0-0-none,,
63,10-0-0-0-0-0-0-0-0-18_h_ekeiro_2-none-2-0-20-0-none,,
64,4-0-0-0-0-0-0-0-0-0-none-0-0-0-0-none,,
65,3-0-center-1-1-0-0-0-0-0-none-0-0-0-0-none,,
66,10-0-0-0-0-0-0-0-0-18_h_price_2-none-2-0-5-0-円,,
67,4-0-0-0-0-0-0-0-0-0-none-0-0-0-0-none,,
68,5-0-0-0-0-0-0-0-0-0-none-0-0-0-0-none,,
69,*,--------------------,
70,2-0-0-0-0-0-0-0-0-0-none-0-0-0-0-none,,
71,3-0-center-1-1-0-0-0-0-0-none-0-0-0-0-none,,
72,30-0-0-0-0-0-0-18_h_day_3-0-18_h_day_3-none-3-0-6-0-none,,
73,4-0-0-0-0-0-0-0-0-0-none-0-0-0-0-none,,
74,3-0-center-1-1-0-0-0-0-0-none-0-0-0-0-none,,
75,10-0-0-0-0-0-0-0-0-18_h_code_3-none-2-0-5-0-none,,
76,4-0-0-0-0-0-0-0-0-0-none-0-0-0-0-none,,
77,3-0-center-1-1-0-0-0-0-0-none-0-0-0-0-none,,
78,10-0-0-0-0-0-0-0-0-18_h_shozoku_3-none-2-0-14-0-none,,
79,4-0-0-0-0-0-0-0-0-0-none-0-0-0-0-none,,
80,3-0-center-1-1-0-0-0-0-0-none-0-0-0-0-none,,
81,10-0-0-0-0-0-0-0-0-18_h_simei_3-none-2-0-10-0-none,,
82,4-0-0-0-0-0-0-0-0-0-none-0-0-0-0-none,,
83,3-0-center-1-1-0-0-0-0-0-none-0-0-0-0-none,,
84,10-0-0-0-0-0-0-0-0-18_h_skeiro_3-none-2-0-20-0-none,,
85,4-0-0-0-0-0-0-0-0-0-none-0-0-0-0-none,,
86,3-0-center-1-1-0-0-0-0-0-none-0-0-0-0-none,,
87,10-⇔-0-0-0-0-0-0-0-0-none-4-0-0-0-none,,
88,4-0-0-0-0-0-0-0-0-0-none-0-0-0-0-none,,
89,3-0-center-1-1-0-0-0-0-0-none-0-0-0-0-none,,
90,10-0-0-0-0-0-0-0-0-18_h_ekeiro_3-none-2-0-20-0-none,,
91,4-0-0-0-0-0-0-0-0-0-none-0-0-0-0-none,,
92,3-0-center-1-1-0-0-0-0-0-none-0-0-0-0-none,,
93,10-0-0-0-0-0-0-0-0-18_h_price_3-none-2-0-5-0-円,,
94,4-0-0-0-0-0-0-0-0-0-none-0-0-0-0-none,,
95,5-0-0-0-0-0-0-0-0-0-none-0-0-0-0-none,,
96,*,--------------------,
97,2-0-0-0-0-0-0-0-0-0-none-0-0-0-0-none,,
98,3-0-center-1-1-0-0-0-0-0-none-0-0-0-0-none,,
99,30-0-0-0-0-0-0-18_h_day_4-0-18_h_day_4-none-3-0-6-0-none,,
100,4-0-0-0-0-0-0-0-0-0-none-0-0-0-0-none,,
101,3-0-center-1-1-0-0-0-0-0-none-0-0-0-0-none,,
102,10-0-0-0-0-0-0-0-0-18_h_code_4-none-2-0-5-0-none,,
103,4-0-0-0-0-0-0-0-0-0-none-0-0-0-0-none,,
104,3-0-center-1-1-0-0-0-0-0-none-0-0-0-0-none,,
105,10-0-0-0-0-0-0-0-0-18_h_shozoku_4-none-2-0-14-0-none,,
106,4-0-0-0-0-0-0-0-0-0-none-0-0-0-0-none,,
107,3-0-center-1-1-0-0-0-0-0-none-0-0-0-0-none,,
108,10-0-0-0-0-0-0-0-0-18_h_simei_4-none-2-0-10-0-none,,
109,4-0-0-0-0-0-0-0-0-0-none-0-0-0-0-none,,
110,3-0-center-1-1-0-0-0-0-0-none-0-0-0-0-none,,
111,10-0-0-0-0-0-0-0-0-18_h_skeiro_4-none-2-0-20-0-none,,
112,4-0-0-0-0-0-0-0-0-0-none-0-0-0-0-none,,
113,3-0-center-1-1-0-0-0-0-0-none-0-0-0-0-none,,
114,10-⇔-0-0-0-0-0-0-0-0-none-4-0-0-0-none,,
115,4-0-0-0-0-0-0-0-0-0-none-0-0-0-0-none,,
116,3-0-center-1-1-0-0-0-0-0-none-0-0-0-0-none,,
117,10-0-0-0-0-0-0-0-0-18_h_ekeiro_4-none-2-0-20-0-none,,
118,4-0-0-0-0-0-0-0-0-0-none-0-0-0-0-none,,
119,3-0-center-1-1-0-0-0-0-0-none-0-0-0-0-none,,
120,10-0-0-0-0-0-0-0-0-18_h_price_4-none-2-0-5-0-円,,
121,4-0-0-0-0-0-0-0-0-0-none-0-0-0-0-none,,
122,5-0-0-0-0-0-0-0-0-0-none-0-0-0-0-none,,
123,*,--------------------,
124,2-0-0-0-0-0-0-0-0-0-none-0-0-0-0-none,,
125,3-0-center-1-1-0-0-0-0-0-none-0-0-0-0-none,,
126,30-0-0-0-0-0-0-18_h_day_5-0-18_h_day_5-none-3-0-6-0-none,,
127,4-0-0-0-0-0-0-0-0-0-none-0-0-0-0-none,,
128,3-0-center-1-1-0-0-0-0-0-none-0-0-0-0-none,,
129,10-0-0-0-0-0-0-0-0-18_h_code_5-none-2-0-5-0-none,,
130,4-0-0-0-0-0-0-0-0-0-none-0-0-0-0-none,,
131,3-0-center-1-1-0-0-0-0-0-none-0-0-0-0-none,,
132,10-0-0-0-0-0-0-0-0-18_h_shozoku_5-none-2-0-14-0-none,,
133,4-0-0-0-0-0-0-0-0-0-none-0-0-0-0-none,,
134,3-0-center-1-1-0-0-0-0-0-none-0-0-0-0-none,,
135,10-0-0-0-0-0-0-0-0-18_h_simei_5-none-2-0-10-0-none,,
136,4-0-0-0-0-0-0-0-0-0-none-0-0-0-0-none,,
137,3-0-center-1-1-0-0-0-0-0-none-0-0-0-0-none,,
138,10-0-0-0-0-0-0-0-0-18_h_skeiro_5-none-2-0-20-0-none,,
139,4-0-0-0-0-0-0-0-0-0-none-0-0-0-0-none,,
140,3-0-center-1-1-0-0-0-0-0-none-0-0-0-0-none,,
141,10-⇔-0-0-0-0-0-0-0-0-none-4-0-0-0-none,,
142,4-0-0-0-0-0-0-0-0-0-none-0-0-0-0-none,,
143,3-0-center-1-1-0-0-0-0-0-none-0-0-0-0-none,,
144,10-0-0-0-0-0-0-0-0-18_h_ekeiro_5-none-2-0-20-0-none,,
145,4-0-0-0-0-0-0-0-0-0-none-0-0-0-0-none,,
146,3-0-center-1-1-0-0-0-0-0-none-0-0-0-0-none,,
147,10-0-0-0-0-0-0-0-0-18_h_price_5-none-2-0-5-0-円,,
148,4-0-0-0-0-0-0-0-0-0-none-0-0-0-0-none,,
149,5-0-0-0-0-0-0-0-0-0-none-0-0-0-0-none,,
150,*,--------------------,
151,2-0-0-0-0-0-0-0-0-0-none-0-0-0-0-none,,
152,3-0-center-1-1-0-0-0-0-0-none-0-0-0-0-none,,
153,30-0-0-0-0-0-0-18_h_day_6-0-18_h_day_6-none-3-0-6-0-none,,
154,4-0-0-0-0-0-0-0-0-0-none-0-0-0-0-none,,
155,3-0-center-1-1-0-0-0-0-0-none-0-0-0-0-none,,
156,10-0-0-0-0-0-0-0-0-18_h_code_6-none-2-0-5-0-none,,
157,4-0-0-0-0-0-0-0-0-0-none-0-0-0-0-none,,
158,3-0-center-1-1-0-0-0-0-0-none-0-0-0-0-none,,
159,10-0-0-0-0-0-0-0-0-18_h_shozoku_6-none-2-0-14-0-none,,
160,4-0-0-0-0-0-0-0-0-0-none-0-0-0-0-none,,
161,3-0-center-1-1-0-0-0-0-0-none-0-0-0-0-none,,
162,10-0-0-0-0-0-0-0-0-18_h_simei_6-none-2-0-10-0-none,,
163,4-0-0-0-0-0-0-0-0-0-none-0-0-0-0-none,,
164,3-0-center-1-1-0-0-0-0-0-none-0-0-0-0-none,,
165,10-0-0-0-0-0-0-0-0-18_h_skeiro_6-none-2-0-20-0-none,,
166,4-0-0-0-0-0-0-0-0-0-none-0-0-0-0-none,,
167,3-0-center-1-1-0-0-0-0-0-none-0-0-0-0-none,,
168,10-⇔-0-0-0-0-0-0-0-0-none-4-0-0-0-none,,
169,4-0-0-0-0-0-0-0-0-0-none-0-0-0-0-none,,
170,3-0-center-1-1-0-0-0-0-0-none-0-0-0-0-none,,
171,10-0-0-0-0-0-0-0-0-18_h_ekeiro_6-none-2-0-20-0-none,,
172,4-0-0-0-0-0-0-0-0-0-none-0-0-0-0-none,,
173,3-0-center-1-1-0-0-0-0-0-none-0-0-0-0-none,,
174,10-0-0-0-0-0-0-0-0-18_h_price_6-none-2-0-5-0-円,,
175,4-0-0-0-0-0-0-0-0-0-none-0-0-0-0-none,,
176,5-0-0-0-0-0-0-0-0-0-none-0-0-0-0-none,,
177,*,--------------------,
178,2-0-0-0-0-0-0-0-0-0-none-0-0-0-0-none,,
179,3-0-center-1-1-0-0-0-0-0-none-0-0-0-0-none,,
180,30-0-0-0-0-0-0-18_h_day_7-0-18_h_day_7-none-3-0-6-0-none,,
181,4-0-0-0-0-0-0-0-0-0-none-0-0-0-0-none,,
182,3-0-center-1-1-0-0-0-0-0-none-0-0-0-0-none,,
183,10-0-0-0-0-0-0-0-0-18_h_code_7-none-2-0-5-0-none,,
184,4-0-0-0-0-0-0-0-0-0-none-0-0-0-0-none,,
185,3-0-center-1-1-0-0-0-0-0-none-0-0-0-0-none,,
186,10-0-0-0-0-0-0-0-0-18_h_shozoku_7-none-2-0-14-0-none,,
187,4-0-0-0-0-0-0-0-0-0-none-0-0-0-0-none,,
188,3-0-center-1-1-0-0-0-0-0-none-0-0-0-0-none,,
189,10-0-0-0-0-0-0-0-0-18_h_simei_7-none-2-0-10-0-none,,
190,4-0-0-0-0-0-0-0-0-0-none-0-0-0-0-none,,
191,3-0-center-1-1-0-0-0-0-0-none-0-0-0-0-none,,
192,10-0-0-0-0-0-0-0-0-18_h_skeiro_7-none-2-0-20-0-none,,
193,4-0-0-0-0-0-0-0-0-0-none-0-0-0-0-none,,
194,3-0-center-1-1-0-0-0-0-0-none-0-0-0-0-none,,
195,10-⇔-0-0-0-0-0-0-0-0-none-4-0-0-0-none,,
196,4-0-0-0-0-0-0-0-0-0-none-0-0-0-0-none,,
197,3-0-center-1-1-0-0-0-0-0-none-0-0-0-0-none,,
198,10-0-0-0-0-0-0-0-0-18_h_ekeiro_7-none-2-0-20-0-none,,
199,4-0-0-0-0-0-0-0-0-0-none-0-0-0-0-none,,
200,3-0-center-1-1-0-0-0-0-0-none-0-0-0-0-none,,
201,10-0-0-0-0-0-0-0-0-18_h_price_7-none-2-0-5-0-円,,
202,4-0-0-0-0-0-0-0-0-0-none-0-0-0-0-none,,
203,5-0-0-0-0-0-0-0-0-0-none-0-0-0-0-none,,
204,*,--------------------,
205,2-0-0-0-0-0-0-0-0-0-none-0-0-0-0-none,,
206,3-0-center-1-1-0-0-0-0-0-none-0-0-0-0-none,,
207,30-0-0-0-0-0-0-18_h_day_8-0-18_h_day_8-none-3-0-6-0-none,,
208,4-0-0-0-0-0-0-0-0-0-none-0-0-0-0-none,,
209,3-0-center-1-1-0-0-0-0-0-none-0-0-0-0-none,,
210,10-0-0-0-0-0-0-0-0-18_h_code_8-none-2-0-5-0-none,,
211,4-0-0-0-0-0-0-0-0-0-none-0-0-0-0-none,,
212,3-0-center-1-1-0-0-0-0-0-none-0-0-0-0-none,,
213,10-0-0-0-0-0-0-0-0-18_h_shozoku_8-none-2-0-14-0-none,,
214,4-0-0-0-0-0-0-0-0-0-none-0-0-0-0-none,,
215,3-0-center-1-1-0-0-0-0-0-none-0-0-0-0-none,,
216,10-0-0-0-0-0-0-0-0-18_h_simei_8-none-2-0-10-0-none,,
217,4-0-0-0-0-0-0-0-0-0-none-0-0-0-0-none,,
218,3-0-center-1-1-0-0-0-0-0-none-0-0-0-0-none,,
219,10-0-0-0-0-0-0-0-0-18_h_skeiro_8-none-2-0-20-0-none,,
220,4-0-0-0-0-0-0-0-0-0-none-0-0-0-0-none,,
221,3-0-center-1-1-0-0-0-0-0-none-0-0-0-0-none,,
222,10-⇔-0-0-0-0-0-0-0-0-none-4-0-0-0-none,,
223,4-0-0-0-0-0-0-0-0-0-none-0-0-0-0-none,,
224,3-0-center-1-1-0-0-0-0-0-none-0-0-0-0-none,,
225,10-0-0-0-0-0-0-0-0-18_h_ekeiro_8-none-2-0-20-0-none,,
226,4-0-0-0-0-0-0-0-0-0-none-0-0-0-0-none,,
227,3-0-center-1-1-0-0-0-0-0-none-0-0-0-0-none,,
228,10-0-0-0-0-0-0-0-0-18_h_price_8-none-2-0-5-0-円,,
229,4-0-0-0-0-0-0-0-0-0-none-0-0-0-0-none,,
230,5-0-0-0-0-0-0-0-0-0-none-0-0-0-0-none,,
231,*,--------------------,
232,2-0-0-0-0-0-0-0-0-0-none-0-0-0-0-none,,
233,3-0-center-1-1-0-0-0-0-0-none-0-0-0-0-none,,
234,30-0-0-0-0-0-0-18_h_day_9-0-18_h_day_9-none-3-0-6-0-none,,
235,4-0-0-0-0-0-0-0-0-0-none-0-0-0-0-none,,
236,3-0-center-1-1-0-0-0-0-0-none-0-0-0-0-none,,
237,10-0-0-0-0-0-0-0-0-18_h_code_9-none-2-0-5-0-none,,
238,4-0-0-0-0-0-0-0-0-0-none-0-0-0-0-none,,
239,3-0-center-1-1-0-0-0-0-0-none-0-0-0-0-none,,
240,10-0-0-0-0-0-0-0-0-18_h_shozoku_9-none-2-0-14-0-none,,
241,4-0-0-0-0-0-0-0-0-0-none-0-0-0-0-none,,
242,3-0-center-1-1-0-0-0-0-0-none-0-0-0-0-none,,
243,10-0-0-0-0-0-0-0-0-18_h_simei_9-none-2-0-10-0-none,,
244,4-0-0-0-0-0-0-0-0-0-none-0-0-0-0-none,,
245,3-0-center-1-1-0-0-0-0-0-none-0-0-0-0-none,,
246,10-0-0-0-0-0-0-0-0-18_h_skeiro_9-none-2-0-20-0-none,,
247,4-0-0-0-0-0-0-0-0-0-none-0-0-0-0-none,,
248,3-0-center-1-1-0-0-0-0-0-none-0-0-0-0-none,,
249,10-⇔-0-0-0-0-0-0-0-0-none-4-0-0-0-none,,
250,4-0-0-0-0-0-0-0-0-0-none-0-0-0-0-none,,
251,3-0-center-1-1-0-0-0-0-0-none-0-0-0-0-none,,
252,10-0-0-0-0-0-0-0-0-18_h_ekeiro_9-none-2-0-20-0-none,,
253,4-0-0-0-0-0-0-0-0-0-none-0-0-0-0-none,,
254,3-0-center-1-1-0-0-0-0-0-none-0-0-0-0-none,,
255,10-0-0-0-0-0-0-0-0-18_h_price_9-none-2-0-5-0-円,,
256,4-0-0-0-0-0-0-0-0-0-none-0-0-0-0-none,,
257,5-0-0-0-0-0-0-0-0-0-none-0-0-0-0-none,,
258,*,--------------------,
259,2-0-0-0-0-0-0-0-0-0-none-0-0-0-0-none,,
260,3-0-center-1-1-0-0-0-0-0-none-0-0-0-0-none,,
261,30-0-0-0-0-0-0-18_h_day_10-0-18_h_day_10-none-3-0-6-0-none,,
262,4-0-0-0-0-0-0-0-0-0-none-0-0-0-0-none,,
263,3-0-center-1-1-0-0-0-0-0-none-0-0-0-0-none,,
264,10-0-0-0-0-0-0-0-0-18_h_code_10-none-2-0-5-0-none,,
265,4-0-0-0-0-0-0-0-0-0-none-0-0-0-0-none,,
266,3-0-center-1-1-0-0-0-0-0-none-0-0-0-0-none,,
267,10-0-0-0-0-0-0-0-0-18_h_shozoku_10-none-2-0-14-0-none,,
268,4-0-0-0-0-0-0-0-0-0-none-0-0-0-0-none,,
269,3-0-center-1-1-0-0-0-0-0-none-0-0-0-0-none,,
270,10-0-0-0-0-0-0-0-0-18_h_simei_10-none-2-0-10-0-none,,
271,4-0-0-0-0-0-0-0-0-0-none-0-0-0-0-none,,
272,3-0-center-1-1-0-0-0-0-0-none-0-0-0-0-none,,
273,10-0-0-0-0-0-0-0-0-18_h_skeiro_10-none-2-0-20-0-none,,
274,4-0-0-0-0-0-0-0-0-0-none-0-0-0-0-none,,
275,3-0-center-1-1-0-0-0-0-0-none-0-0-0-0-none,,
276,10-⇔-0-0-0-0-0-0-0-0-none-4-0-0-0-none,,
277,4-0-0-0-0-0-0-0-0-0-none-0-0-0-0-none,,
278,3-0-center-1-1-0-0-0-0-0-none-0-0-0-0-none,,
279,10-0-0-0-0-0-0-0-0-18_h_ekeiro_10-none-2-0-20-0-none,,
280,4-0-0-0-0-0-0-0-0-0-none-0-0-0-0-none,,
281,3-0-center-1-1-0-0-0-0-0-none-0-0-0-0-none,,
282,10-0-0-0-0-0-0-0-0-18_h_price_10-none-2-0-5-0-円,,
283,4-0-0-0-0-0-0-0-0-0-none-0-0-0-0-none,,
284,5-0-0-0-0-0-0-0-0-0-none-0-0-0-0-none,,
285,*,--------------------,
286,2-0-0-0-0-0-0-0-0-0-none-0-0-0-0-none,,
287,3-0-center-1-1-0-0-0-0-0-none-0-0-0-0-none,,
288,30-0-0-0-0-0-0-18_h_day_11-0-18_h_day_11-none-3-0-6-0-none,,
289,4-0-0-0-0-0-0-0-0-0-none-0-0-0-0-none,,
290,3-0-center-1-1-0-0-0-0-0-none-0-0-0-0-none,,
291,10-0-0-0-0-0-0-0-0-18_h_code_11-none-2-0-5-0-none,,
292,4-0-0-0-0-0-0-0-0-0-none-0-0-0-0-none,,
293,3-0-center-1-1-0-0-0-0-0-none-0-0-0-0-none,,
294,10-0-0-0-0-0-0-0-0-18_h_shozoku_11-none-2-0-14-0-none,,
295,4-0-0-0-0-0-0-0-0-0-none-0-0-0-0-none,,
296,3-0-center-1-1-0-0-0-0-0-none-0-0-0-0-none,,
297,10-0-0-0-0-0-0-0-0-18_h_simei_11-none-2-0-10-0-none,,
298,4-0-0-0-0-0-0-0-0-0-none-0-0-0-0-none,,
299,3-0-center-1-1-0-0-0-0-0-none-0-0-0-0-none,,
300,10-0-0-0-0-0-0-0-0-18_h_skeiro_11-none-2-0-20-0-none,,
301,4-0-0-0-0-0-0-0-0-0-none-0-0-0-0-none,,
302,3-0-center-1-1-0-0-0-0-0-none-0-0-0-0-none,,
303,10-⇔-0-0-0-0-0-0-0-0-none-4-0-0-0-none,,
304,4-0-0-0-0-0-0-0-0-0-none-0-0-0-0-none,,
305,3-0-center-1-1-0-0-0-0-0-none-0-0-0-0-none,,
306,10-0-0-0-0-0-0-0-0-18_h_ekeiro_11-none-2-0-20-0-none,,
307,4-0-0-0-0-0-0-0-0-0-none-0-0-0-0-none,,
308,3-0-center-1-1-0-0-0-0-0-none-0-0-0-0-none,,
309,10-0-0-0-0-0-0-0-0-18_h_price_11-none-2-0-5-0-円,,
310,4-0-0-0-0-0-0-0-0-0-none-0-0-0-0-none,,
311,5-0-0-0-0-0-0-0-0-0-none-0-0-0-0-none,,
312,*,--------------------,
313,2-0-0-0-0-0-0-0-0-0-none-0-0-0-0-none,,
314,3-0-center-1-1-0-0-0-0-0-none-0-0-0-0-none,,
315,30-0-0-0-0-0-0-18_h_day_12-0-18_h_day_12-none-3-0-6-0-none,,
316,4-0-0-0-0-0-0-0-0-0-none-0-0-0-0-none,,
317,3-0-center-1-1-0-0-0-0-0-none-0-0-0-0-none,,
318,10-0-0-0-0-0-0-0-0-18_h_code_12-none-2-0-5-0-none,,
319,4-0-0-0-0-0-0-0-0-0-none-0-0-0-0-none,,
320,3-0-center-1-1-0-0-0-0-0-none-0-0-0-0-none,,
321,10-0-0-0-0-0-0-0-0-18_h_shozoku_12-none-2-0-14-0-none,,
322,4-0-0-0-0-0-0-0-0-0-none-0-0-0-0-none,,
323,3-0-center-1-1-0-0-0-0-0-none-0-0-0-0-none,,
324,10-0-0-0-0-0-0-0-0-18_h_simei_12-none-2-0-10-0-none,,
325,4-0-0-0-0-0-0-0-0-0-none-0-0-0-0-none,,
326,3-0-center-1-1-0-0-0-0-0-none-0-0-0-0-none,,
327,10-0-0-0-0-0-0-0-0-18_h_skeiro_12-none-2-0-20-0-none,,
328,4-0-0-0-0-0-0-0-0-0-none-0-0-0-0-none,,
329,3-0-center-1-1-0-0-0-0-0-none-0-0-0-0-none,,
330,10-⇔-0-0-0-0-0-0-0-0-none-4-0-0-0-none,,
331,4-0-0-0-0-0-0-0-0-0-none-0-0-0-0-none,,
332,3-0-center-1-1-0-0-0-0-0-none-0-0-0-0-none,,
333,10-0-0-0-0-0-0-0-0-18_h_ekeiro_12-none-2-0-20-0-none,,
334,4-0-0-0-0-0-0-0-0-0-none-0-0-0-0-none,,
335,3-0-center-1-1-0-0-0-0-0-none-0-0-0-0-none,,
336,10-0-0-0-0-0-0-0-0-18_h_price_12-none-2-0-5-0-円,,
337,4-0-0-0-0-0-0-0-0-0-none-0-0-0-0-none,,
338,5-0-0-0-0-0-0-0-0-0-none-0-0-0-0-none,,
339,*,--------------------,
340,2-0-0-0-0-0-0-0-0-0-none-0-0-0-0-none,,
341,3-0-center-1-1-0-0-0-0-0-none-0-0-0-0-none,,
342,30-0-0-0-0-0-0-18_h_day_13-0-18_h_day_13-none-3-0-6-0-none,,
343,4-0-0-0-0-0-0-0-0-0-none-0-0-0-0-none,,
344,3-0-center-1-1-0-0-0-0-0-none-0-0-0-0-none,,
345,10-0-0-0-0-0-0-0-0-18_h_code_13-none-2-0-5-0-none,,
346,4-0-0-0-0-0-0-0-0-0-none-0-0-0-0-none,,
347,3-0-center-1-1-0-0-0-0-0-none-0-0-0-0-none,,
348,10-0-0-0-0-0-0-0-0-18_h_shozoku_13-none-2-0-14-0-none,,
349,4-0-0-0-0-0-0-0-0-0-none-0-0-0-0-none,,
350,3-0-center-1-1-0-0-0-0-0-none-0-0-0-0-none,,
351,10-0-0-0-0-0-0-0-0-18_h_simei_13-none-2-0-10-0-none,,
352,4-0-0-0-0-0-0-0-0-0-none-0-0-0-0-none,,
353,3-0-center-1-1-0-0-0-0-0-none-0-0-0-0-none,,
354,10-0-0-0-0-0-0-0-0-18_h_skeiro_13-none-2-0-20-0-none,,
355,4-0-0-0-0-0-0-0-0-0-none-0-0-0-0-none,,
356,3-0-center-1-1-0-0-0-0-0-none-0-0-0-0-none,,
357,10-⇔-0-0-0-0-0-0-0-0-none-4-0-0-0-none,,
358,4-0-0-0-0-0-0-0-0-0-none-0-0-0-0-none,,
359,3-0-center-1-1-0-0-0-0-0-none-0-0-0-0-none,,
360,10-0-0-0-0-0-0-0-0-18_h_ekeiro_13-none-2-0-20-0-none,,
361,4-0-0-0-0-0-0-0-0-0-none-0-0-0-0-none,,
362,3-0-center-1-1-0-0-0-0-0-none-0-0-0-0-none,,
363,10-0-0-0-0-0-0-0-0-18_h_price_13-none-2-0-5-0-円,,
364,4-0-0-0-0-0-0-0-0-0-none-0-0-0-0-none,,
365,5-0-0-0-0-0-0-0-0-0-none-0-0-0-0-none,,
366,*,--------------------,
367,2-0-0-0-0-0-0-0-0-0-none-0-0-0-0-none,,
368,3-0-center-1-1-0-0-0-0-0-none-0-0-0-0-none,,
369,30-0-0-0-0-0-0-18_h_day_14-0-18_h_day_14-none-3-0-6-0-none,,
370,4-0-0-0-0-0-0-0-0-0-none-0-0-0-0-none,,
371,3-0-center-1-1-0-0-0-0-0-none-0-0-0-0-none,,
372,10-0-0-0-0-0-0-0-0-18_h_code_14-none-2-0-5-0-none,,
373,4-0-0-0-0-0-0-0-0-0-none-0-0-0-0-none,,
374,3-0-center-1-1-0-0-0-0-0-none-0-0-0-0-none,,
375,10-0-0-0-0-0-0-0-0-18_h_shozoku_14-none-2-0-14-0-none,,
376,4-0-0-0-0-0-0-0-0-0-none-0-0-0-0-none,,
377,3-0-center-1-1-0-0-0-0-0-none-0-0-0-0-none,,
378,10-0-0-0-0-0-0-0-0-18_h_simei_14-none-2-0-10-0-none,,
379,4-0-0-0-0-0-0-0-0-0-none-0-0-0-0-none,,
380,3-0-center-1-1-0-0-0-0-0-none-0-0-0-0-none,,
381,10-0-0-0-0-0-0-0-0-18_h_skeiro_14-none-2-0-20-0-none,,
382,4-0-0-0-0-0-0-0-0-0-none-0-0-0-0-none,,
383,3-0-center-1-1-0-0-0-0-0-none-0-0-0-0-none,,
384,10-⇔-0-0-0-0-0-0-0-0-none-4-0-0-0-none,,
385,4-0-0-0-0-0-0-0-0-0-none-0-0-0-0-none,,
386,3-0-center-1-1-0-0-0-0-0-none-0-0-0-0-none,,
387,10-0-0-0-0-0-0-0-0-18_h_ekeiro_14-none-2-0-20-0-none,,
388,4-0-0-0-0-0-0-0-0-0-none-0-0-0-0-none,,
389,3-0-center-1-1-0-0-0-0-0-none-0-0-0-0-none,,
390,10-0-0-0-0-0-0-0-0-18_h_price_14-none-2-0-5-0-円,,
391,4-0-0-0-0-0-0-0-0-0-none-0-0-0-0-none,,
392,5-0-0-0-0-0-0-0-0-0-none-0-0-0-0-none,,
393,*,--------------------,
394,2-0-0-0-0-0-0-0-0-0-none-0-0-0-0-none,,
395,3-0-center-1-1-0-0-0-0-0-none-0-0-0-0-none,,
396,30-0-0-0-0-0-0-18_h_day_15-0-18_h_day_15-none-3-0-6-0-none,,
397,4-0-0-0-0-0-0-0-0-0-none-0-0-0-0-none,,
398,3-0-center-1-1-0-0-0-0-0-none-0-0-0-0-none,,
399,10-0-0-0-0-0-0-0-0-18_h_code_15-none-2-0-5-0-none,,
400,4-0-0-0-0-0-0-0-0-0-none-0-0-0-0-none,,
401,3-0-center-1-1-0-0-0-0-0-none-0-0-0-0-none,,
402,10-0-0-0-0-0-0-0-0-18_h_shozoku_15-none-2-0-14-0-none,,
403,4-0-0-0-0-0-0-0-0-0-none-0-0-0-0-none,,
404,3-0-center-1-1-0-0-0-0-0-none-0-0-0-0-none,,
405,10-0-0-0-0-0-0-0-0-18_h_simei_15-none-2-0-10-0-none,,
406,4-0-0-0-0-0-0-0-0-0-none-0-0-0-0-none,,
407,3-0-center-1-1-0-0-0-0-0-none-0-0-0-0-none,,
408,10-0-0-0-0-0-0-0-0-18_h_skeiro_15-none-2-0-20-0-none,,
409,4-0-0-0-0-0-0-0-0-0-none-0-0-0-0-none,,
410,3-0-center-1-1-0-0-0-0-0-none-0-0-0-0-none,,
411,10-⇔-0-0-0-0-0-0-0-0-none-4-0-0-0-none,,
412,4-0-0-0-0-0-0-0-0-0-none-0-0-0-0-none,,
413,3-0-center-1-1-0-0-0-0-0-none-0-0-0-0-none,,
414,10-0-0-0-0-0-0-0-0-18_h_ekeiro_15-none-2-0-20-0-none,,
415,4-0-0-0-0-0-0-0-0-0-none-0-0-0-0-none,,
416,3-0-center-1-1-0-0-0-0-0-none-0-0-0-0-none,,
417,10-0-0-0-0-0-0-0-0-18_h_price_15-none-2-0-5-0-円,,
418,4-0-0-0-0-0-0-0-0-0-none-0-0-0-0-none,,
419,5-0-0-0-0-0-0-0-0-0-none-0-0-0-0-none,,
420,*,--------------------,
421,2-0-0-0-0-0-0-0-0-0-none-0-0-0-0-none,,
422,3-0-center-1-1-0-0-0-0-0-none-0-0-0-0-none,,
423,30-0-0-0-0-0-0-18_h_day_16-0-18_h_day_16-none-3-0-6-0-none,,
424,4-0-0-0-0-0-0-0-0-0-none-0-0-0-0-none,,
425,3-0-center-1-1-0-0-0-0-0-none-0-0-0-0-none,,
426,10-0-0-0-0-0-0-0-0-18_h_code_16-none-2-0-5-0-none,,
427,4-0-0-0-0-0-0-0-0-0-none-0-0-0-0-none,,
428,3-0-center-1-1-0-0-0-0-0-none-0-0-0-0-none,,
429,10-0-0-0-0-0-0-0-0-18_h_shozoku_16-none-2-0-14-0-none,,
430,4-0-0-0-0-0-0-0-0-0-none-0-0-0-0-none,,
431,3-0-center-1-1-0-0-0-0-0-none-0-0-0-0-none,,
432,10-0-0-0-0-0-0-0-0-18_h_simei_16-none-2-0-10-0-none,,
433,4-0-0-0-0-0-0-0-0-0-none-0-0-0-0-none,,
434,3-0-center-1-1-0-0-0-0-0-none-0-0-0-0-none,,
435,10-0-0-0-0-0-0-0-0-18_h_skeiro_16-none-2-0-20-0-none,,
436,4-0-0-0-0-0-0-0-0-0-none-0-0-0-0-none,,
437,3-0-center-1-1-0-0-0-0-0-none-0-0-0-0-none,,
438,10-⇔-0-0-0-0-0-0-0-0-none-4-0-0-0-none,,
439,4-0-0-0-0-0-0-0-0-0-none-0-0-0-0-none,,
440,3-0-center-1-1-0-0-0-0-0-none-0-0-0-0-none,,
441,10-0-0-0-0-0-0-0-0-18_h_ekeiro_16-none-2-0-20-0-none,,
442,4-0-0-0-0-0-0-0-0-0-none-0-0-0-0-none,,
443,3-0-center-1-1-0-0-0-0-0-none-0-0-0-0-none,,
444,10-0-0-0-0-0-0-0-0-18_h_price_16-none-2-0-5-0-円,,
445,4-0-0-0-0-0-0-0-0-0-none-0-0-0-0-none,,
446,5-0-0-0-0-0-0-0-0-0-none-0-0-0-0-none,,
447,*,--------------------,
448,2-0-0-0-0-0-0-0-0-0-none-0-0-0-0-none,,
449,3-0-center-1-1-0-0-0-0-0-none-0-0-0-0-none,,
450,30-0-0-0-0-0-0-18_h_day_17-0-18_h_day_17-none-3-0-6-0-none,,
451,4-0-0-0-0-0-0-0-0-0-none-0-0-0-0-none,,
452,3-0-center-1-1-0-0-0-0-0-none-0-0-0-0-none,,
453,10-0-0-0-0-0-0-0-0-18_h_code_17-none-2-0-5-0-none,,
454,4-0-0-0-0-0-0-0-0-0-none-0-0-0-0-none,,
455,3-0-center-1-1-0-0-0-0-0-none-0-0-0-0-none,,
456,10-0-0-0-0-0-0-0-0-18_h_shozoku_17-none-2-0-14-0-none,,
457,4-0-0-0-0-0-0-0-0-0-none-0-0-0-0-none,,
458,3-0-center-1-1-0-0-0-0-0-none-0-0-0-0-none,,
459,10-0-0-0-0-0-0-0-0-18_h_simei_17-none-2-0-10-0-none,,
460,4-0-0-0-0-0-0-0-0-0-none-0-0-0-0-none,,
461,3-0-center-1-1-0-0-0-0-0-none-0-0-0-0-none,,
462,10-0-0-0-0-0-0-0-0-18_h_skeiro_17-none-2-0-20-0-none,,
463,4-0-0-0-0-0-0-0-0-0-none-0-0-0-0-none,,
464,3-0-center-1-1-0-0-0-0-0-none-0-0-0-0-none,,
465,10-⇔-0-0-0-0-0-0-0-0-none-4-0-0-0-none,,
466,4-0-0-0-0-0-0-0-0-0-none-0-0-0-0-none,,
467,3-0-center-1-1-0-0-0-0-0-none-0-0-0-0-none,,
468,10-0-0-0-0-0-0-0-0-18_h_ekeiro_17-none-2-0-20-0-none,,
469,4-0-0-0-0-0-0-0-0-0-none-0-0-0-0-none,,
470,3-0-center-1-1-0-0-0-0-0-none-0-0-0-0-none,,
471,10-0-0-0-0-0-0-0-0-18_h_price_17-none-2-0-5-0-円,,
472,4-0-0-0-0-0-0-0-0-0-none-0-0-0-0-none,,
473,5-0-0-0-0-0-0-0-0-0-none-0-0-0-0-none,,
474,*,--------------------,
475,2-0-0-0-0-0-0-0-0-0-none-0-0-0-0-none,,
476,3-0-center-1-1-0-0-0-0-0-none-0-0-0-0-none,,
477,30-0-0-0-0-0-0-18_h_day_18-0-18_h_day_18-none-3-0-6-0-none,,
478,4-0-0-0-0-0-0-0-0-0-none-0-0-0-0-none,,
479,3-0-center-1-1-0-0-0-0-0-none-0-0-0-0-none,,
480,10-0-0-0-0-0-0-0-0-18_h_code_18-none-2-0-5-0-none,,
481,4-0-0-0-0-0-0-0-0-0-none-0-0-0-0-none,,
482,3-0-center-1-1-0-0-0-0-0-none-0-0-0-0-none,,
483,10-0-0-0-0-0-0-0-0-18_h_shozoku_18-none-2-0-14-0-none,,
484,4-0-0-0-0-0-0-0-0-0-none-0-0-0-0-none,,
485,3-0-center-1-1-0-0-0-0-0-none-0-0-0-0-none,,
486,10-0-0-0-0-0-0-0-0-18_h_simei_18-none-2-0-10-0-none,,
487,4-0-0-0-0-0-0-0-0-0-none-0-0-0-0-none,,
488,3-0-center-1-1-0-0-0-0-0-none-0-0-0-0-none,,
489,10-0-0-0-0-0-0-0-0-18_h_skeiro_18-none-2-0-20-0-none,,
490,4-0-0-0-0-0-0-0-0-0-none-0-0-0-0-none,,
491,3-0-center-1-1-0-0-0-0-0-none-0-0-0-0-none,,
492,10-⇔-0-0-0-0-0-0-0-0-none-4-0-0-0-none,,
493,4-0-0-0-0-0-0-0-0-0-none-0-0-0-0-none,,
494,3-0-center-1-1-0-0-0-0-0-none-0-0-0-0-none,,
495,10-0-0-0-0-0-0-0-0-18_h_ekeiro_18-none-2-0-20-0-none,,
496,4-0-0-0-0-0-0-0-0-0-none-0-0-0-0-none,,
497,3-0-center-1-1-0-0-0-0-0-none-0-0-0-0-none,,
498,10-0-0-0-0-0-0-0-0-18_h_price_18-none-2-0-5-0-円,,
499,4-0-0-0-0-0-0-0-0-0-none-0-0-0-0-none,,
500,5-0-0-0-0-0-0-0-0-0-none-0-0-0-0-none,,
501,*,--------------------,
502,2-0-0-0-0-0-0-0-0-0-none-0-0-0-0-none,,
503,3-0-center-1-1-0-0-0-0-0-none-0-0-0-0-none,,
504,30-0-0-0-0-0-0-18_h_day_19-0-18_h_day_19-none-3-0-6-0-none,,
505,4-0-0-0-0-0-0-0-0-0-none-0-0-0-0-none,,
506,3-0-center-1-1-0-0-0-0-0-none-0-0-0-0-none,,
507,10-0-0-0-0-0-0-0-0-18_h_code_19-none-2-0-5-0-none,,
508,4-0-0-0-0-0-0-0-0-0-none-0-0-0-0-none,,
509,3-0-center-1-1-0-0-0-0-0-none-0-0-0-0-none,,
510,10-0-0-0-0-0-0-0-0-18_h_shozoku_19-none-2-0-14-0-none,,
511,4-0-0-0-0-0-0-0-0-0-none-0-0-0-0-none,,
512,3-0-center-1-1-0-0-0-0-0-none-0-0-0-0-none,,
513,10-0-0-0-0-0-0-0-0-18_h_simei_19-none-2-0-10-0-none,,
514,4-0-0-0-0-0-0-0-0-0-none-0-0-0-0-none,,
515,3-0-center-1-1-0-0-0-0-0-none-0-0-0-0-none,,
516,10-0-0-0-0-0-0-0-0-18_h_skeiro_19-none-2-0-20-0-none,,
517,4-0-0-0-0-0-0-0-0-0-none-0-0-0-0-none,,
518,3-0-center-1-1-0-0-0-0-0-none-0-0-0-0-none,,
519,10-⇔-0-0-0-0-0-0-0-0-none-4-0-0-0-none,,
520,4-0-0-0-0-0-0-0-0-0-none-0-0-0-0-none,,
521,3-0-center-1-1-0-0-0-0-0-none-0-0-0-0-none,,
522,10-0-0-0-0-0-0-0-0-18_h_ekeiro_19-none-2-0-20-0-none,,
523,4-0-0-0-0-0-0-0-0-0-none-0-0-0-0-none,,
524,3-0-center-1-1-0-0-0-0-0-none-0-0-0-0-none,,
525,10-0-0-0-0-0-0-0-0-18_h_price_19-none-2-0-5-0-円,,
526,4-0-0-0-0-0-0-0-0-0-none-0-0-0-0-none,,
527,5-0-0-0-0-0-0-0-0-0-none-0-0-0-0-none,,
528,*,--------------------,
529,2-0-0-0-0-0-0-0-0-0-none-0-0-0-0-none,,
530,3-0-center-1-1-0-0-0-0-0-none-0-0-0-0-none,,
531,30-0-0-0-0-0-0-18_h_day_20-0-18_h_day_20-none-3-0-6-0-none,,
532,4-0-0-0-0-0-0-0-0-0-none-0-0-0-0-none,,
533,3-0-center-1-1-0-0-0-0-0-none-0-0-0-0-none,,
534,10-0-0-0-0-0-0-0-0-18_h_code_20-none-2-0-5-0-none,,
535,4-0-0-0-0-0-0-0-0-0-none-0-0-0-0-none,,
536,3-0-center-1-1-0-0-0-0-0-none-0-0-0-0-none,,
537,10-0-0-0-0-0-0-0-0-18_h_shozoku_20-none-2-0-14-0-none,,
538,4-0-0-0-0-0-0-0-0-0-none-0-0-0-0-none,,
539,3-0-center-1-1-0-0-0-0-0-none-0-0-0-0-none,,
540,10-0-0-0-0-0-0-0-0-18_h_simei_20-none-2-0-10-0-none,,
541,4-0-0-0-0-0-0-0-0-0-none-0-0-0-0-none,,
542,3-0-center-1-1-0-0-0-0-0-none-0-0-0-0-none,,
543,10-0-0-0-0-0-0-0-0-18_h_skeiro_20-none-2-0-20-0-none,,
544,4-0-0-0-0-0-0-0-0-0-none-0-0-0-0-none,,
545,3-0-center-1-1-0-0-0-0-0-none-0-0-0-0-none,,
546,10-⇔-0-0-0-0-0-0-0-0-none-4-0-0-0-none,,
547,4-0-0-0-0-0-0-0-0-0-none-0-0-0-0-none,,
548,3-0-center-1-1-0-0-0-0-0-none-0-0-0-0-none,,
549,10-0-0-0-0-0-0-0-0-18_h_ekeiro_20-none-2-0-20-0-none,,
550,4-0-0-0-0-0-0-0-0-0-none-0-0-0-0-none,,
551,3-0-center-1-1-0-0-0-0-0-none-0-0-0-0-none,,
552,10-0-0-0-0-0-0-0-0-18_h_price_20-none-2-0-5-0-円,,
553,4-0-0-0-0-0-0-0-0-0-none-0-0-0-0-none,,
554,5-0-0-0-0-0-0-0-0-0-none-0-0-0-0-none,,
555,*,--------------------,
556,2-0-0-0-0-0-0-0-0-0-none-0-0-0-0-none,,
557,3-0-center-1-1-0-0-0-0-0-none-0-0-0-0-none,,
558,30-0-0-0-0-0-0-18_h_day_21-0-18_h_day_21-none-3-0-6-0-none,,
559,4-0-0-0-0-0-0-0-0-0-none-0-0-0-0-none,,
560,3-0-center-1-1-0-0-0-0-0-none-0-0-0-0-none,,
561,10-0-0-0-0-0-0-0-0-18_h_code_21-none-2-0-5-0-none,,
562,4-0-0-0-0-0-0-0-0-0-none-0-0-0-0-none,,
563,3-0-center-1-1-0-0-0-0-0-none-0-0-0-0-none,,
564,10-0-0-0-0-0-0-0-0-18_h_shozoku_21-none-2-0-14-0-none,,
565,4-0-0-0-0-0-0-0-0-0-none-0-0-0-0-none,,
566,3-0-center-1-1-0-0-0-0-0-none-0-0-0-0-none,,
567,10-0-0-0-0-0-0-0-0-18_h_simei_21-none-2-0-10-0-none,,
568,4-0-0-0-0-0-0-0-0-0-none-0-0-0-0-none,,
569,3-0-center-1-1-0-0-0-0-0-none-0-0-0-0-none,,
570,10-0-0-0-0-0-0-0-0-18_h_skeiro_21-none-2-0-20-0-none,,
571,4-0-0-0-0-0-0-0-0-0-none-0-0-0-0-none,,
572,3-0-center-1-1-0-0-0-0-0-none-0-0-0-0-none,,
573,10-⇔-0-0-0-0-0-0-0-0-none-4-0-0-0-none,,
574,4-0-0-0-0-0-0-0-0-0-none-0-0-0-0-none,,
575,3-0-center-1-1-0-0-0-0-0-none-0-0-0-0-none,,
576,10-0-0-0-0-0-0-0-0-18_h_ekeiro_21-none-2-0-20-0-none,,
577,4-0-0-0-0-0-0-0-0-0-none-0-0-0-0-none,,
578,3-0-center-1-1-0-0-0-0-0-none-0-0-0-0-none,,
579,10-0-0-0-0-0-0-0-0-18_h_price_21-none-2-0-5-0-円,,
580,4-0-0-0-0-0-0-0-0-0-none-0-0-0-0-none,,
581,5-0-0-0-0-0-0-0-0-0-none-0-0-0-0-none,,
582,*,--------------------,
583,2-0-0-0-0-0-0-0-0-0-none-0-0-0-0-none,,
584,3-0-center-1-1-0-0-0-0-0-none-0-0-0-0-none,,
585,30-0-0-0-0-0-0-18_h_day_22-0-18_h_day_22-none-3-0-6-0-none,,
586,4-0-0-0-0-0-0-0-0-0-none-0-0-0-0-none,,
587,3-0-center-1-1-0-0-0-0-0-none-0-0-0-0-none,,
588,10-0-0-0-0-0-0-0-0-18_h_code_22-none-2-0-5-0-none,,
589,4-0-0-0-0-0-0-0-0-0-none-0-0-0-0-none,,
590,3-0-center-1-1-0-0-0-0-0-none-0-0-0-0-none,,
591,10-0-0-0-0-0-0-0-0-18_h_shozoku_22-none-2-0-14-0-none,,
592,4-0-0-0-0-0-0-0-0-0-none-0-0-0-0-none,,
593,3-0-center-1-1-0-0-0-0-0-none-0-0-0-0-none,,
594,10-0-0-0-0-0-0-0-0-18_h_simei_22-none-2-0-10-0-none,,
595,4-0-0-0-0-0-0-0-0-0-none-0-0-0-0-none,,
596,3-0-center-1-1-0-0-0-0-0-none-0-0-0-0-none,,
597,10-0-0-0-0-0-0-0-0-18_h_skeiro_22-none-2-0-20-0-none,,
598,4-0-0-0-0-0-0-0-0-0-none-0-0-0-0-none,,
599,3-0-center-1-1-0-0-0-0-0-none-0-0-0-0-none,,
600,10-⇔-0-0-0-0-0-0-0-0-none-4-0-0-0-none,,
601,4-0-0-0-0-0-0-0-0-0-none-0-0-0-0-none,,
602,3-0-center-1-1-0-0-0-0-0-none-0-0-0-0-none,,
603,10-0-0-0-0-0-0-0-0-18_h_ekeiro_22-none-2-0-20-0-none,,
604,4-0-0-0-0-0-0-0-0-0-none-0-0-0-0-none,,
605,3-0-center-1-1-0-0-0-0-0-none-0-0-0-0-none,,
606,10-0-0-0-0-0-0-0-0-18_h_price_22-none-2-0-5-0-円,,
607,4-0-0-0-0-0-0-0-0-0-none-0-0-0-0-none,,
608,5-0-0-0-0-0-0-0-0-0-none-0-0-0-0-none,,
609,*,--------------------,
610,2-0-0-0-0-0-0-0-0-0-none-0-0-0-0-none,,
611,3-0-center-1-1-0-0-0-0-0-none-0-0-0-0-none,,
612,30-0-0-0-0-0-0-18_h_day_23-0-18_h_day_23-none-3-0-6-0-none,,
613,4-0-0-0-0-0-0-0-0-0-none-0-0-0-0-none,,
614,3-0-center-1-1-0-0-0-0-0-none-0-0-0-0-none,,
615,10-0-0-0-0-0-0-0-0-18_h_code_23-none-2-0-5-0-none,,
616,4-0-0-0-0-0-0-0-0-0-none-0-0-0-0-none,,
617,3-0-center-1-1-0-0-0-0-0-none-0-0-0-0-none,,
618,10-0-0-0-0-0-0-0-0-18_h_shozoku_23-none-2-0-14-0-none,,
619,4-0-0-0-0-0-0-0-0-0-none-0-0-0-0-none,,
620,3-0-center-1-1-0-0-0-0-0-none-0-0-0-0-none,,
621,10-0-0-0-0-0-0-0-0-18_h_simei_23-none-2-0-10-0-none,,
622,4-0-0-0-0-0-0-0-0-0-none-0-0-0-0-none,,
623,3-0-center-1-1-0-0-0-0-0-none-0-0-0-0-none,,
624,10-0-0-0-0-0-0-0-0-18_h_skeiro_23-none-2-0-20-0-none,,
625,4-0-0-0-0-0-0-0-0-0-none-0-0-0-0-none,,
626,3-0-center-1-1-0-0-0-0-0-none-0-0-0-0-none,,
627,10-⇔-0-0-0-0-0-0-0-0-none-4-0-0-0-none,,
628,4-0-0-0-0-0-0-0-0-0-none-0-0-0-0-none,,
629,3-0-center-1-1-0-0-0-0-0-none-0-0-0-0-none,,
630,10-0-0-0-0-0-0-0-0-18_h_ekeiro_23-none-2-0-20-0-none,,
631,4-0-0-0-0-0-0-0-0-0-none-0-0-0-0-none,,
632,3-0-center-1-1-0-0-0-0-0-none-0-0-0-0-none,,
633,10-0-0-0-0-0-0-0-0-18_h_price_23-none-2-0-5-0-円,,
634,4-0-0-0-0-0-0-0-0-0-none-0-0-0-0-none,,
635,5-0-0-0-0-0-0-0-0-0-none-0-0-0-0-none,,
636,*,--------------------,
637,2-0-0-0-0-0-0-0-0-0-none-0-0-0-0-none,,
638,3-0-right-1-7-0-0-0-0-0-none-0-0-0-0-none,,
639,10-合計-0-0-0-0-0-0-0-0-none-4-0-0-0-none,,
640,4-0-0-0-0-0-0-0-0-0-none-0-0-0-0-none,,
641,3-0-center-1-1-0-0-0-0-0-none-0-0-0-0-none,,
642,10-0-0-0-0-0-0-0-0-18_h_goukei-none-2-0-5-0-円,,
643,4-0-0-0-0-0-0-0-0-0-none-0-0-0-0-none,,
644,5-0-0-0-0-0-0-0-0-0-none-0-0-0-0-none,,
645,*,--------------------ヘルプ交通費ここまで,
646,*,ヘルプ手当 18_t_--------------------,
647,2-0-0-0-0-0-0-0-0-0-none-0-0-0-0-none,,
648,1-社員コード-0-1-2-0-0-0-0-0-none-0-0-0-0-none,,
649,1-所属-0-1-1-0-0-0-0-0-none-0-0-0-0-none,,
650,1-氏名-0-1-1-0-0-0-0-0-none-0-0-0-0-none,,
651,1-回数-0-1-2-0-0-0-0-0-none-0-0-0-0-none,,
652,1-ヘルプ手当金額-0-1-2-0-0-0-0-0-none-0-0-0-0-none,,
653,5-0-0-0-0-0-0-0-0-0-none-0-0-0-0-none,,
654,*,--------------------,
655,2-0-0-0-0-0-0-0-0-0-none-0-0-0-0-none,,
656,3-0-center-1-2-0-0-0-0-0-none-0-0-0-0-none,,
657,10-0-0-0-0-0-0-0-0-18_t_code_1-none-2-0-15-0-none,,
658,4-0-0-0-0-0-0-0-0-0-none-0-0-0-0-none,,
659,3-0-center-1-1-0-0-0-0-0-none-0-0-0-0-none,,
660,10-0-0-0-0-0-0-0-0-18_t_shozoku_1-none-2-0-14-0-none,,
661,4-0-0-0-0-0-0-0-0-0-none-0-0-0-0-none,,
662,3-0-center-1-1-0-0-0-0-0-none-0-0-0-0-none,,
663,10-0-0-0-0-0-0-0-0-18_t_name_1-none-2-0-10-0-none,,
664,4-0-0-0-0-0-0-0-0-0-none-0-0-0-0-none,,
665,3-0-center-1-2-0-0-0-0-0-none-0-0-0-0-none,,
666,10-0-0-0-0-0-0-0-0-18_t_kaisu_1-none-2-0-7-0-none,,
667,4-0-0-0-0-0-0-0-0-0-none-0-0-0-0-none,,
668,3-0-center-1-2-0-0-0-0-0-none-0-0-0-0-none,,
669,10-0-0-0-0-0-0-0-0-18_t_price_1-none-2-0-14-0-none,,
670,4-0-0-0-0-0-0-0-0-0-none-0-0-0-0-none,,
671,5-0-0-0-0-0-0-0-0-0-none-0-0-0-0-none,,
672,*,--------------------,
673,2-0-0-0-0-0-0-0-0-0-none-0-0-0-0-none,,
674,3-0-center-1-2-0-0-0-0-0-none-0-0-0-0-none,,
675,10-0-0-0-0-0-0-0-0-18_t_code_2-none-2-0-15-0-none,,
676,4-0-0-0-0-0-0-0-0-0-none-0-0-0-0-none,,
677,3-0-center-1-1-0-0-0-0-0-none-0-0-0-0-none,,
678,10-0-0-0-0-0-0-0-0-18_t_shozoku_2-none-2-0-14-0-none,,
679,4-0-0-0-0-0-0-0-0-0-none-0-0-0-0-none,,
680,3-0-center-1-1-0-0-0-0-0-none-0-0-0-0-none,,
681,10-0-0-0-0-0-0-0-0-18_t_name_2-none-2-0-10-0-none,,
682,4-0-0-0-0-0-0-0-0-0-none-0-0-0-0-none,,
683,3-0-center-1-2-0-0-0-0-0-none-0-0-0-0-none,,
684,10-0-0-0-0-0-0-0-0-18_t_kaisu_2-none-2-0-7-0-none,,
685,4-0-0-0-0-0-0-0-0-0-none-0-0-0-0-none,,
686,3-0-center-1-2-0-0-0-0-0-none-0-0-0-0-none,,
687,10-0-0-0-0-0-0-0-0-18_t_price_2-none-2-0-14-0-none,,
688,4-0-0-0-0-0-0-0-0-0-none-0-0-0-0-none,,
689,5-0-0-0-0-0-0-0-0-0-none-0-0-0-0-none,,
690,*,--------------------,
691,2-0-0-0-0-0-0-0-0-0-none-0-0-0-0-none,,
692,3-0-center-1-2-0-0-0-0-0-none-0-0-0-0-none,,
693,10-0-0-0-0-0-0-0-0-18_t_code_3-none-2-0-15-0-none,,
694,4-0-0-0-0-0-0-0-0-0-none-0-0-0-0-none,,
695,3-0-center-1-1-0-0-0-0-0-none-0-0-0-0-none,,
696,10-0-0-0-0-0-0-0-0-18_t_shozoku_3-none-2-0-14-0-none,,
697,4-0-0-0-0-0-0-0-0-0-none-0-0-0-0-none,,
698,3-0-center-1-1-0-0-0-0-0-none-0-0-0-0-none,,
699,10-0-0-0-0-0-0-0-0-18_t_name_3-none-2-0-10-0-none,,
700,4-0-0-0-0-0-0-0-0-0-none-0-0-0-0-none,,
701,3-0-center-1-2-0-0-0-0-0-none-0-0-0-0-none,,
702,10-0-0-0-0-0-0-0-0-18_t_kaisu_3-none-2-0-7-0-none,,
703,4-0-0-0-0-0-0-0-0-0-none-0-0-0-0-none,,
704,3-0-center-1-2-0-0-0-0-0-none-0-0-0-0-none,,
705,10-0-0-0-0-0-0-0-0-18_t_price_3-none-2-0-14-0-none,,
706,4-0-0-0-0-0-0-0-0-0-none-0-0-0-0-none,,
707,5-0-0-0-0-0-0-0-0-0-none-0-0-0-0-none,,
708,*,--------------------,
709,2-0-0-0-0-0-0-0-0-0-none-0-0-0-0-none,,
710,3-0-center-1-2-0-0-0-0-0-none-0-0-0-0-none,,
711,10-0-0-0-0-0-0-0-0-18_t_code_4-none-2-0-15-0-none,,
712,4-0-0-0-0-0-0-0-0-0-none-0-0-0-0-none,,
713,3-0-center-1-1-0-0-0-0-0-none-0-0-0-0-none,,
714,10-0-0-0-0-0-0-0-0-18_t_shozoku_4-none-2-0-14-0-none,,
715,4-0-0-0-0-0-0-0-0-0-none-0-0-0-0-none,,
716,3-0-center-1-1-0-0-0-0-0-none-0-0-0-0-none,,
717,10-0-0-0-0-0-0-0-0-18_t_name_4-none-2-0-10-0-none,,
718,4-0-0-0-0-0-0-0-0-0-none-0-0-0-0-none,,
719,3-0-center-1-2-0-0-0-0-0-none-0-0-0-0-none,,
720,10-0-0-0-0-0-0-0-0-18_t_kaisu_4-none-2-0-7-0-none,,
721,4-0-0-0-0-0-0-0-0-0-none-0-0-0-0-none,,
722,3-0-center-1-2-0-0-0-0-0-none-0-0-0-0-none,,
723,10-0-0-0-0-0-0-0-0-18_t_price_4-none-2-0-14-0-none,,
724,4-0-0-0-0-0-0-0-0-0-none-0-0-0-0-none,,
725,5-0-0-0-0-0-0-0-0-0-none-0-0-0-0-none,,
726,*,--------------------,
727,2-0-0-0-0-0-0-0-0-0-none-0-0-0-0-none,,
728,3-0-center-1-2-0-0-0-0-0-none-0-0-0-0-none,,
729,10-0-0-0-0-0-0-0-0-18_t_code_5-none-2-0-15-0-none,,
730,4-0-0-0-0-0-0-0-0-0-none-0-0-0-0-none,,
731,3-0-center-1-1-0-0-0-0-0-none-0-0-0-0-none,,
732,10-0-0-0-0-0-0-0-0-18_t_shozoku_5-none-2-0-14-0-none,,
733,4-0-0-0-0-0-0-0-0-0-none-0-0-0-0-none,,
734,3-0-center-1-1-0-0-0-0-0-none-0-0-0-0-none,,
735,10-0-0-0-0-0-0-0-0-18_t_name_5-none-2-0-10-0-none,,
736,4-0-0-0-0-0-0-0-0-0-none-0-0-0-0-none,,
737,3-0-center-1-2-0-0-0-0-0-none-0-0-0-0-none,,
738,10-0-0-0-0-0-0-0-0-18_t_kaisu_5-none-2-0-7-0-none,,
739,4-0-0-0-0-0-0-0-0-0-none-0-0-0-0-none,,
740,3-0-center-1-2-0-0-0-0-0-none-0-0-0-0-none,,
741,10-0-0-0-0-0-0-0-0-18_t_price_5-none-2-0-14-0-none,,
742,4-0-0-0-0-0-0-0-0-0-none-0-0-0-0-none,,
743,5-0-0-0-0-0-0-0-0-0-none-0-0-0-0-none,,
744,*,--------------------,
745,2-0-0-0-0-0-0-0-0-0-none-0-0-0-0-none,,
746,3-0-center-1-2-0-0-0-0-0-none-0-0-0-0-none,,
747,10-0-0-0-0-0-0-0-0-18_t_code_6-none-2-0-15-0-none,,
748,4-0-0-0-0-0-0-0-0-0-none-0-0-0-0-none,,
749,3-0-center-1-1-0-0-0-0-0-none-0-0-0-0-none,,
750,10-0-0-0-0-0-0-0-0-18_t_shozoku_6-none-2-0-14-0-none,,
751,4-0-0-0-0-0-0-0-0-0-none-0-0-0-0-none,,
752,3-0-center-1-1-0-0-0-0-0-none-0-0-0-0-none,,
753,10-0-0-0-0-0-0-0-0-18_t_name_6-none-2-0-10-0-none,,
754,4-0-0-0-0-0-0-0-0-0-none-0-0-0-0-none,,
755,3-0-center-1-2-0-0-0-0-0-none-0-0-0-0-none,,
756,10-0-0-0-0-0-0-0-0-18_t_kaisu_6-none-2-0-7-0-none,,
757,4-0-0-0-0-0-0-0-0-0-none-0-0-0-0-none,,
758,3-0-center-1-2-0-0-0-0-0-none-0-0-0-0-none,,
759,10-0-0-0-0-0-0-0-0-18_t_price_6-none-2-0-14-0-none,,
760,4-0-0-0-0-0-0-0-0-0-none-0-0-0-0-none,,
761,5-0-0-0-0-0-0-0-0-0-none-0-0-0-0-none,,
762,*,--------------------,
763,2-0-0-0-0-0-0-0-0-0-none-0-0-0-0-none,,
764,3-0-center-1-2-0-0-0-0-0-none-0-0-0-0-none,,
765,10-0-0-0-0-0-0-0-0-18_t_code_7-none-2-0-15-0-none,,
766,4-0-0-0-0-0-0-0-0-0-none-0-0-0-0-none,,
767,3-0-center-1-1-0-0-0-0-0-none-0-0-0-0-none,,
768,10-0-0-0-0-0-0-0-0-18_t_shozoku_7-none-2-0-14-0-none,,
769,4-0-0-0-0-0-0-0-0-0-none-0-0-0-0-none,,
770,3-0-center-1-1-0-0-0-0-0-none-0-0-0-0-none,,
771,10-0-0-0-0-0-0-0-0-18_t_name_7-none-2-0-10-0-none,,
772,4-0-0-0-0-0-0-0-0-0-none-0-0-0-0-none,,
773,3-0-center-1-2-0-0-0-0-0-none-0-0-0-0-none,,
774,10-0-0-0-0-0-0-0-0-18_t_kaisu_7-none-2-0-7-0-none,,
775,4-0-0-0-0-0-0-0-0-0-none-0-0-0-0-none,,
776,3-0-center-1-2-0-0-0-0-0-none-0-0-0-0-none,,
777,10-0-0-0-0-0-0-0-0-18_t_price_7-none-2-0-14-0-none,,
778,4-0-0-0-0-0-0-0-0-0-none-0-0-0-0-none,,
779,5-0-0-0-0-0-0-0-0-0-none-0-0-0-0-none,,
780,*,--------------------,
781,2-0-0-0-0-0-0-0-0-0-none-0-0-0-0-none,,
782,3-0-center-1-2-0-0-0-0-0-none-0-0-0-0-none,,
783,10-0-0-0-0-0-0-0-0-18_t_code_8-none-2-0-15-0-none,,
784,4-0-0-0-0-0-0-0-0-0-none-0-0-0-0-none,,
785,3-0-center-1-1-0-0-0-0-0-none-0-0-0-0-none,,
786,10-0-0-0-0-0-0-0-0-18_t_shozoku_8-none-2-0-14-0-none,,
787,4-0-0-0-0-0-0-0-0-0-none-0-0-0-0-none,,
788,3-0-center-1-1-0-0-0-0-0-none-0-0-0-0-none,,
789,10-0-0-0-0-0-0-0-0-18_t_name_8-none-2-0-10-0-none,,
790,4-0-0-0-0-0-0-0-0-0-none-0-0-0-0-none,,
791,3-0-center-1-2-0-0-0-0-0-none-0-0-0-0-none,,
792,10-0-0-0-0-0-0-0-0-18_t_kaisu_8-none-2-0-7-0-none,,
793,4-0-0-0-0-0-0-0-0-0-none-0-0-0-0-none,,
794,3-0-center-1-2-0-0-0-0-0-none-0-0-0-0-none,,
795,10-0-0-0-0-0-0-0-0-18_t_price_8-none-2-0-14-0-none,,
796,4-0-0-0-0-0-0-0-0-0-none-0-0-0-0-none,,
797,5-0-0-0-0-0-0-0-0-0-none-0-0-0-0-none,,
798,*,--------------------,
