0,3,,
0,支払依頼書（3万円未満）,,
0,2017-05-01,,
1,2-0-0-1-1-0-0-0-0-0-none-0-0-0-0-none,,
2,1-購入先-0-1-1-0-0-0-0-0-none-0-0-0-0-none,,
3,3-0-left-1-3-0-0-0-0-0-none-0-0-0-0-none,,
4,10-0-0-0-0-0-0-shop03-0-shop03-none-2-0-80-0-none,,
5,4-0-0-0-0-0-0-0-0-0-none-0-0-0-0-none,,
6,5-0-0-0-0-0-0-0-0-0-none-0-0-0-0-none,,
7,2-0-0-1-1-0-0-0-0-0-none-0-0-0-0-none,,
8,1-購入金額-0-1-1-150-0-0-0-0-none-0-0-0-0-none,,
9,3-0-left-1-1-310-0-0-0-0-none-0-0-0-0-none,,
10,10-0-0-0-0-0-0-price03-0-price03-none-2-0-20-0-none,,
11,4-0-0-0-0-0-0-0-0-0-none-0-0-0-0-none,,
12,1-数量-0-1-1-150-0-0-0-0-none-0-0-0-0-none,,
13,3-0-left-1-1-320-0-0-0-0-none-0-0-0-0-none,,
14,10-0-0-0-0-0-0-num03-0-num03-none-2-0-20-0-none,,
15,4-0-0-0-0-0-0-0-0-0-none-0-0-0-0-none,,
16,5-0-0-0-0-0-0-0-0-0-none-0-0-0-0-none,,
17,2-0-0-1-1-0-0-0-0-0-none-0-0-0-0-none,,
18,1-支払方法-0-1-1-0-0-0-0-0-none-0-0-0-0-none,,
19,3-0-left-1-1-0-0-0-0-0-none-0-0-0-0-none,,
20,10-0-0-0-0-0-0-pay03-0-pay03-none-2-0-20-0-none,,
21,4-0-0-0-0-0-0-0-0-0-none-0-0-0-0-none,,
22,1-支払期日-0-1-1-0-0-0-0-0-none-0-0-0-0-none,,
23,3-0-left-1-1-0-0-0-0-0-none-0-0-0-0-none,,
24,10-0-0-0-0-0-0-limit03-0-limit03-none-2-0-20-0-none,,
25,4-0-0-0-0-0-0-0-0-0-none-0-0-0-0-none,,
26,5-0-0-0-0-0-0-0-0-0-none-0-0-0-0-none,,
27,2-0-0-1-1-0-0-0-0-0-none-0-0-0-0-none,,
28,1-内容-0-1-4-0-0-0-0-0-none-0-0-0-0-none,,
29,5-0-0-0-0-0-0-0-0-0-none-0-0-0-0-none,,
30,2-0-0-1-1-0-0-0-0-0-none-0-0-0-0-none,,
31,3-0-center-1-4-0-0-0-0-0-none-0-0-0-0-none,,
32,20-0-0-15-120-0-0-0-0-naiyou03-none-0-0-0-0-none,,
33,4-0-0-0-0-0-0-0-0-0-none-0-0-0-0-none,,
34,5-0-0-0-0-0-0-0-0-0-none-0-0-0-0-none,,
